eq_id,type,latex,latex_hash,source_file,context,easy,standard,academic,theology_side,shared_structure,conceptual_meaning,audio_safe,difficulty,law_reference,paper_ref,needs_review
EQ-011,display_math,\gamma_{\text{PPN}} - 1 \approx -2\xi^2\kappa_0\chi_0^2,e285d3f574158411a324088dc5100a5e3a28d913738add897b120ab4aa856539,consciousness-chi-field-action,1 + \xi\kappa_0\chi^2\): $$\gamma_{\text{PPN}} - 1 \approx -2\xi^2\kappa_0\chi_0^2$$,,,,,,,,,,,True
EQ-012,display_math,\nabla^\mu\left(T_{\mu\nu}^{(\text{matter})} + T_{\mu\nu}^{(\chi)} + T_{\mu\nu}^{(\text{non-min})}\right) = 0,1aa4155703e6a832a66c68134b96ceb928aeec8f0cc911a0e8261300cc2646dd,consciousness-chi-field-action,"ein equation then gives: $$\nabla^\mu\left(T_{\mu\nu}^{(\text{matter})} + T_{\mu\nu}^{(\chi)} + T_{\mu\nu}^{(\text{non-min})}\right) = 0$$ <p class=""f",,,,,,,,,,,True
EQ-013,display_math,\rho_\chi = \frac{1}{2}\dot{\chi}^2 + V(\chi) + 3\xi H\chi\dot{\chi} + \frac{3}{2}\xi H^2\chi^2,2079f11a9ee74cfa4fbd5469e7a893ff7097b8eb875511b83695424abccf362d,consciousness-chi-field-action,"with homogeneous &chi;: $$\rho_\chi = \frac{1}{2}\dot{\chi}^2 + V(\chi) + 3\xi H\chi\dot{\chi} + \frac{3}{2}\xi H^2\chi^2$$ <div class=""eq-box rounded",,,,,,,,,,,True
EQ-014,display_math,p_\chi = \frac{1}{2}\dot{\chi}^2 - V(\chi) - \xi(\ddot{\chi}\chi + \dot{\chi}^2) - 2\xi H\chi\dot{\chi} - \xi(2\dot{H} + 3H^2)\chi^2,a2e0acaf1cc6d82a241f441225d6bc4e5451a60dc011dd34078e741dc5396c5e,consciousness-chi-field-action,$$p_\chi = \frac{1}{2}\dot{\chi}^2 - V(\chi) - \xi(\ddot{\chi}\chi + \dot{\chi}^2) - 2\xi H\chi\dot{\chi} - \xi(2\dot{H} + 3H^2)\chi^2$$,,,,,,,,,,,True
EQ-015,display_math,T_{\mu\nu}^{(\xi)} = \xi\left[g_{\mu\nu}\Box(\chi^2) - \nabla_\mu\nabla_\nu(\chi^2) + \chi^2\left(R_{\mu\nu} - \frac{1}{2}g_{\mu\nu}R\right)\right],5ea0704ed6a10cfc0c6b5f57b586e9dc1b84965707af0dced475f99f0b37ac20,consciousness-chi-field-action,"ray-300 mb-3"">Non-minimal coupling piece: $$T_{\mu\nu}^{(\xi)} = \xi\left[g_{\mu\nu}\Box(\chi^2) - \nabla_\mu\nabla_\nu(\chi^2) + \chi^2\left(R_{\mu\n",,,,,,,,,,,True
EQ-016,inline_math,"','\",00b3a3b85a377f9720088fb45895e5524827c0c0e2ab70c17d228365cedbea24,consciousness-chi-field-action,"js.cloudflare.com/ajax/libs/font-awesome/6.4.0/css/all.min.css""/> MathJax = { tex: { inlineMath: [['\\(','\\)']], displayMath: [['$$','$$']], processE",,,,,,,,,,,True
EQ-017,inline_math,m_\chi \sim H_0 \sim 10^{-33},70db07334c4fdb88e7e7e592932a899921dcbb5e50e4326af96a151ca62ccbe9,consciousness-chi-field-action,for the &chi;-field (Logos Field) as a physical scalar field with independent dynamical degrees of freedom. The field is massive at the Hubble scale (,,,,,,,,,,,True
EQ-018,inline_math,\lambda_\chi = \hbar/(m_\chi c) \sim c/H_0 \sim 10^{26},d51df5b94018702f3680979eac9110cd86010a8338e43d9e4de488fe4a0f551c,consciousness-chi-field-action,"nt-crimson text-lg leading-relaxed text-gray-300 mb-3""> If \(m_\chi \sim H_0 \sim 10^{-33}\) eV, the force range is cosmological: \(\lambda_\chi = \hb",,,,,,,,,,,True
EQ-019,inline_math,V(\chi) = \tfrac{1}{2}m^2\chi^2 + \tfrac{\lambda}{4}\chi^4,ec3b2b4bb7cbb58fa295287233be0c957d0fe975a5f4a7d5736f38736cbf2fcd,consciousness-chi-field-action,"Required by the potential structure: \(V(\chi) = \tfrac{1}{2}m^2\chi^2 + \tfrac{\lambda}{4}\chi^4\). The quartic term gives: <ul class=""list-disc list",,,,,,,,,,,True
EQ-020,inline_math,\langle\chi\rangle = \chi_0 \neq 0,eb2ab20be6c246b0960127ea8630eb87ba2dfcdf730e945fbd14a37576e71609,consciousness-chi-field-action,"gray-300 mt-2 space-y-1 ml-4""> Vacuum stability (potential bounded below) Symmetry breaking (VEV \(\langle\chi\rangle = \chi_0 \neq 0\) if \(m^2 Pertu",,,,,,,,,,,True
EQ-021,inline_math,m^2 < 0,48c86a9e605923fb1fa8b9a9d1b96a509d7521ba2c9658aa97928d9e3ab29aee,consciousness-chi-field-action,Vacuum stability (potential bounded below) Symmetry breaking (VEV \(\langle\chi\rangle = \chi_0 \neq 0\) if \(m^2 Perturbative structure for quantum c,,,,,,,,,,,True
EQ-022,inline_math,\xi\chi^2 R,a13a098bdd92e628edf7f4195c08fc3777572760a4b861e96fcc4945105deb22,consciousness-chi-field-action,"urvature (Option D) The \(\xi\chi^2 R\) term in the action is the mathematical expression of ""consciousness curves spacetime."" Not through stress-ener",,,,,,,,,,,True
EQ-023,inline_math,\kappa_0 = 8\pi G_N / c^4,ff31395690c214ca108c2b844a7fd80b39c5c3669129656f8c4804592722956d,consciousness-chi-field-action,"thcal{L}_{\text{matter}} \right]$$ where \(\kappa_0 = 8\pi G_N / c^4\) <div class=""text-sm font-inter font-semibold text-teal-accent/80 uppercase",,,,,,,,,,,True
EQ-024,inline_math,(1 + \xi\kappa_0\chi^2)R/2\kappa_0,288c30838758049fd288650cb49724722aa3b2b99d1378052cce029a4349155e,consciousness-chi-field-action,\((1 + \xi\kappa_0\chi^2)R/2\kappa_0\) Non-minimal coupling,,,,,,,,,,,True
EQ-025,inline_math,-\tfrac{1}{2}g^{\mu\nu}\partial_\mu\chi\partial_\nu\chi,9f6f5ebb2fe8569b19ac130fe201f7ab0a9cf7ddc8ee9d8cb6b4a056b728e8b5,consciousness-chi-field-action,\(-\tfrac{1}{2}g^{\mu\nu}\partial_\mu\chi\partial_\nu\chi\) Kinetic term,,,,,,,,,,,True
EQ-026,inline_math,-\tfrac{1}{2}m_\chi^2\chi^2,cde7fd41a1ec37bba00be938d209181abe1c7b93feb75257aa8b66c752ea5063,consciousness-chi-field-action,"\(-\tfrac{1}{2}m_\chi^2\chi^2\) Mass term <td class=""p",,,,,,,,,,,True
EQ-027,inline_math,-(\lambda/4)\chi^4,6ba28eced2e78dbad3d8abfb237ebcb522ea9eeeccba3f874e2d0807394b33da,consciousness-chi-field-action,"\(-(\lambda/4)\chi^4\) Self-interaction <td class=""px-",,,,,,,,,,,True
EQ-028,inline_math,\mathcal{L}_{\text{matter}},46f8ebbeebab9785dffd18bc82f7a107053cad2b452a595bdcf7bd46f65fb9b2,consciousness-chi-field-action,\(\mathcal{L}_{\text{matter}}\) Matter sector <td clas,,,,,,,,,,,True
EQ-029,inline_math,m_\chi,954a17d8f8a55e54bc76dfb0c52bf118dd242838b88c2a50400d6a9d693863c3,consciousness-chi-field-action,&chi;-field mass \(m_\chi\) \(\sim H_0 \sim 10^{-33}\) eV,,,,,,,,,,,True
EQ-030,inline_math,\sim H_0 \sim 10^{-33},798dd37127163b61dc026d59282ca5ee207c970f3d96a1b66c0db722d2a3482a,consciousness-chi-field-action,\(m_\chi\) \(\sim H_0 \sim 10^{-33}\) eV Quintessence regime; DESI DR2 consistency,,,,,,,,,,,True
EQ-031,inline_math,|\xi| \lesssim 10^5,3f2a78612be8509f28f0a08b0533cd0ff45342c2ab276c189455613526319795,consciousness-chi-field-action,\(\xi\) \(|\xi| \lesssim 10^5\) Cassini Shapiro delay bound,,,,,,,,,,,True
EQ-032,inline_math,\lambda,583cf6290785d72cc1b71808962dd4bd72ca369f004fb5cb587694fc1b26149f,consciousness-chi-field-action,"Self-coupling \(\lambda\) \(> 0\) <td class=""px-4",,,,,,,,,,,True
EQ-033,inline_math,\kappa_0,35165a2cb10ed645fe1ea88435d68167a7b4a640c1651d43ffda74eec1f5ce43,consciousness-chi-field-action,Gravitational coupling \(\kappa_0\) \(8\pi G_N/c^4\) <td cl,,,,,,,,,,,True
EQ-034,inline_math,8\pi G_N/c^4,d97e48d15754d641e27ba6f20dc038a7b66080cf1709118e197c53399956b0e6,consciousness-chi-field-action,\(\kappa_0\) \(8\pi G_N/c^4\) Standard GR,,,,,,,,,,,True
EQ-035,inline_math,\xi = 1/6,2a5192c3b7bc26b231f991593a8d5c11ba7ce80c770a26975207ebbc8bd9e4b4,consciousness-chi-field-action,Conformal special case \(\xi = 1/6\) Unique in 4D <td class,,,,,,,,,,,True
EQ-036,inline_math,x^\mu \to x'^\mu(x),5cb304979a0d81af44e43556f5179206a0012b73a425dcb79aab8f90af970009,consciousness-chi-field-action,"""font-mono text-teal-accent text-sm font-semibold"">Diffeomorphism invariance: \(x^\mu \to x'^\mu(x)\) &mdash; guaranteed by construction <div class=""b",,,,,,,,,,,True
EQ-037,inline_math,\chi \to -\chi,1dbbd8f05f42bbe01d56602e53e12115e89e7dcefc307cdc8504c58978019be7,consciousness-chi-field-action,"an class=""font-mono text-teal-accent text-sm font-semibold"">Z&sub;2 symmetry: \(\chi \to -\chi\) &mdash; action invariant; spontaneously broken by VEV",,,,,,,,,,,True
EQ-038,inline_math,\delta S / \delta\chi = 0,ddd4fdf4c51c373df59779ea0d8c5776deadd582c509c7a69204ed18a51b567b,consciousness-chi-field-action,Variation w.r.t. &chi;) \(\delta S / \delta\chi = 0\) gives:,,,,,,,,,,,True
EQ-039,inline_math,\Box\chi + V'_{\text{eff}}(\chi) = 0,8b9df1d49c2aa549cdc1df4033d85567a11340c119babb6bfac8d31b8815fc28,consciousness-chi-field-action,"div> Equivalently: \(\Box\chi + V'_{\text{eff}}(\chi) = 0\) where the effective potential is: <div class=""eq-box rounded-lg",,,,,,,,,,,True
EQ-040,inline_math,R = 0,09529c0f45931dde94c7758d78fa374c854bbc02fca39429dbe210b06186eb08,consciousness-chi-field-action,Flat spacetime \(R = 0\) \(\Box\chi + m^2\chi + \lambda\chi^3 = 0\),,,,,,,,,,,True
EQ-041,inline_math,\Box\chi + m^2\chi + \lambda\chi^3 = 0,1e9ad07180b268a98d9cff7dbeaaf43f60039bb733b2317cf26992e1049b879b,consciousness-chi-field-action,\(R = 0\) \(\Box\chi + m^2\chi + \lambda\chi^3 = 0\) Standard nonlinear Klein-Gordon,,,,,,,,,,,True
EQ-042,inline_math,\chi = \chi_0 + \delta\chi,bcaa17bc1e1125af3fcb50f391039d3365368dad3e35be92c4844b8dbde20993,consciousness-chi-field-action,Weak field \(\chi = \chi_0 + \delta\chi\) \(\Box\delta\chi + m_{\text{eff}}^2\delta\,,,,,,,,,,,True
EQ-043,inline_math,\Box\delta\chi + m_{\text{eff}}^2\delta\chi = 0,013bdffb276d862829b7b2ee8e62a05048f819283118ed8caa1a394bc2986944,consciousness-chi-field-action,\(\chi = \chi_0 + \delta\chi\) \(\Box\delta\chi + m_{\text{eff}}^2\delta\chi = 0\) Free massive perturbation,,,,,,,,,,,True
EQ-044,inline_math,R = 12H^2,9bed10b3100bd6b5403a1e99c4c51408b7e8e94b51732595a6ff129e3bf4715e,consciousness-chi-field-action,"De Sitter \(R = 12H^2\) Modified slow-roll <td class=""px",,,,,,,,,,,True
EQ-045,inline_math,R \gg m^2/(\xi\kappa_0),aa6d068030723eceb2a7cd46798ae53333168cf3f3b3a18e0b6e3ec5c2f37b75,consciousness-chi-field-action,Strong curvature \(R \gg m^2/(\xi\kappa_0)\) Curvature-dominated,,,,,,,,,,,True
EQ-046,inline_math,g^{\mu\nu},2612cda8de55c0127463b325a39a55fd424818ac2c7da85620fbfcdb60e7ade8,consciousness-chi-field-action,"2""> 4.2 Modified Einstein Equations (Variation w.r.t. \(g^{\mu\nu}\)) \(\delta",,,,,,,,,,,True
EQ-047,inline_math,\delta S / \delta g^{\mu\nu} = 0,1e1bd6a85e981a7dae332f16629dcd39a813daac258f5f5f8df1a457b6e9c284,consciousness-chi-field-action,w.r.t. \(g^{\mu\nu}\)) \(\delta S / \delta g^{\mu\nu} = 0\) gives:,,,,,,,,,,,True
EQ-048,inline_math,\partial_\mu\chi \to 0,3705f6f50bb71274c2857a58edf75249fa7624bfc24b22e38973d7b50b54cffd,consciousness-chi-field-action,\(\partial_\mu\chi \to 0\) &rarr; kinetic terms vanish \(T_{\mu\nu}^{(\chi)} \to -g_{\mu\nu}V(\chi_0)\) &rarr; acts as co,,,,,,,,,,,True
EQ-049,inline_math,T_{\mu\nu}^{(\chi)} \to -g_{\mu\nu}V(\chi_0),5fbd57dc47dfa73285d8b950152dbaa1c071b6efe9276f035c4f3ef43a56771d,consciousness-chi-field-action,"xt-lg text-gray-300 space-y-1 ml-4 mb-4""> \(\partial_\mu\chi \to 0\) &rarr; kinetic terms vanish \(T_{\mu\nu}^{(\chi)} \to -g_{\mu\nu}V(\chi_0)\) &rar",,,,,,,,,,,True
EQ-050,inline_math,\Box(\chi_0^2) = 0,07188f7c6a701c7c71aa86a27c68255255f8aa3ee5a6f68d917906addca228f8,consciousness-chi-field-action,"anish \(T_{\mu\nu}^{(\chi)} \to -g_{\mu\nu}V(\chi_0)\) &rarr; acts as cosmological constant \(\Box(\chi_0^2) = 0\), \(\nabla_\mu\nabla_\nu(\chi_0^2) =",,,,,,,,,,,True
EQ-051,inline_math,\nabla_\mu\nabla_\nu(\chi_0^2) = 0,9682b588656f02cf668c71248094e3d4aaad46f8ce1bd95e170c2a9efc75c24a,consciousness-chi-field-action,"\(T_{\mu\nu}^{(\chi)} \to -g_{\mu\nu}V(\chi_0)\) &rarr; acts as cosmological constant \(\Box(\chi_0^2) = 0\), \(\nabla_\mu\nabla_\nu(\chi_0^2) = 0\)",,,,,,,,,,,True
EQ-052,inline_math,G_{\text{eff}} = G_N / (1 + \xi\kappa_0\chi_0^2),716adeae137adf87b3431edbf0239b194e42cfb10a81717951bb84e50f6dc233,consciousness-chi-field-action,"Renormalized Newton's constant: \(G_{\text{eff}} = G_N / (1 + \xi\kappa_0\chi_0^2)\) <div class=""bg-white/[0.02] border border-t",,,,,,,,,,,True
EQ-053,inline_math,\Lambda_{\text{eff}} = \kappa_0 V(\chi_0),90de1db1a0b9ee869df928e71d9f6fad1009eaaa4f4d3520ea4eba9f9f54b63a,consciousness-chi-field-action,Effective cosmological constant: \(\Lambda_{\text{eff}} = \kappa_0 V(\chi_0)\),,,,,,,,,,,True
EQ-054,inline_math,\delta\chi \propto \exp(i(kx - \omega t)),adcd28bf3ae13a0dadd98792be45f03735529cc6b4dbdc14e0e7c8f455ba9f90,consciousness-chi-field-action,For plane wave solutions \(\delta\chi \propto \exp(i(kx - \omega t))\):,,,,,,,,,,,True
EQ-055,inline_math,v_g = \partial\omega/\partial k = kc^2/\omega \leq c,807029db96abbfb2d23b6ad19ff71b468ba143d87da251c4203e7190294e30fa,consciousness-chi-field-action,"Group velocity: \(v_g = \partial\omega/\partial k = kc^2/\omega \leq c\) <i class=""fas",,,,,,,,,,,True
EQ-056,inline_math,v_p = \omega/k \geq c,b375ecb319e355beb1e2cb860c24faf5092f73a2857a2f7931363ef53b4fc255,consciousness-chi-field-action,Phase velocity: \(v_p = \omega/k \geq c\) (standard for massive fields; no superluminal information transfer) <span cl,,,,,,,,,,,True
EQ-057,inline_math,m_{\text{eff}} \to 0,a767d8262fecdf799df985bc7d768a9896edaec5e91af865b88fb160377158d1,consciousness-chi-field-action,"Massless limit (\(m_{\text{eff}} \to 0\)): \(v_g = c\) exactly (Paper 5: ""soul field propagates at speed of light"") <p clas",,,,,,,,,,,True
EQ-058,inline_math,v_g = c,af1447dce01770c88a9bc4432364343e2d776d8a163afbfaec062a5e04f904f4,consciousness-chi-field-action,"ex gap-2"">Massless limit (\(m_{\text{eff}} \to 0\)): \(v_g = c\) exactly (Paper 5: ""soul field propagates at speed of light"") Causal",,,,,,,,,,,True
EQ-059,inline_math,"(-,+,+,+)",3591beea5bd8ee9d843dcfe0a717ffe26659f9b8f634dcb492c351a90b0e3251,consciousness-chi-field-action,"laxed text-gray-300 mb-3""> The kinetic term is \(-\tfrac{1}{2}g^{\mu\nu}\partial_\mu\chi\partial_\nu\chi\). With metric signature \((-,+,+,+)\), the t",,,,,,,,,,,True
EQ-060,inline_math,+\tfrac{1}{2}\dot\chi^2,3c114af74ae06fbe34fd0f56783d2c281d996b2c60b95f93eb2ccb01e6be0454,consciousness-chi-field-action,"The kinetic term is \(-\tfrac{1}{2}g^{\mu\nu}\partial_\mu\chi\partial_\nu\chi\). With metric signature \((-,+,+,+)\), the time-kinetic piece is \(+\tf",,,,,,,,,,,True
EQ-061,inline_math,1 + \xi\kappa_0\chi^2 < 0,a41a64377c3658f3ed0569a85e8643bd311c251fc946b787520cfb022862283a,consciousness-chi-field-action,"t-gray-300""> For the non-minimal coupling sector (Jordan frame): the effective graviton kinetic term develops wrong signs only if \(1 + \xi\kappa_0\ch",,,,,,,,,,,True
EQ-062,inline_math,\chi^2 > 1/(\xi\kappa_0),8f094c3176b0925217ea258282ec44181abde22d7e3ba003e5738d211dcb32f5,consciousness-chi-field-action,non-minimal coupling sector (Jordan frame): the effective graviton kinetic term develops wrong signs only if \(1 + \xi\kappa_0\chi^2 1/(\xi\kappa_0)\),,,,,,,,,,,True
EQ-063,inline_math,\xi \sim 1,7f50faa02dbcbf19b1e3737ea99e4847f80c54f60298aaea19454dcd971dda6c,consciousness-chi-field-action,n frame): the effective graviton kinetic term develops wrong signs only if \(1 + \xi\kappa_0\chi^2 1/(\xi\kappa_0)\). For \(\xi \sim 1\) and \(\kappa_,,,,,,,,,,,True
EQ-064,inline_math,\kappa_0 \sim 10^{-69},a0085136b126dbca8836d4a3be5bfdbd9cebb91f0e26342e3178c42118f9bde0,consciousness-chi-field-action,tive graviton kinetic term develops wrong signs only if \(1 + \xi\kappa_0\chi^2 1/(\xi\kappa_0)\). For \(\xi \sim 1\) and \(\kappa_0 \sim 10^{-69}\) J,,,,,,,,,,,True
EQ-065,inline_math,\chi < 10^{34.5},cd7d677ead35d80ff2455f3d14a35f38f9accf6cd41d2003e2146ce0c13561f4,consciousness-chi-field-action,"ppa_0\chi^2 1/(\xi\kappa_0)\). For \(\xi \sim 1\) and \(\kappa_0 \sim 10^{-69}\) J-1m-2, this gives \(\chi Ghost-freedom guaranteed in the phy",,,,,,,,,,,True
EQ-066,inline_math,m^2 > 0,a1e5ee5e222b72c8d77da8100f374a9d7933320580473b4cb79e7dcc5b343890,consciousness-chi-field-action,"xt-gray-300 ml-2 mb-3""> If \(m^2 > 0\): \(m_{\text{eff}}^2 = m^2 + 3\lambda\chi_0^2 > 0\). Stable oscillations. <span class=""text",,,,,,,,,,,True
EQ-067,inline_math,m_{\text{eff}}^2 = m^2 + 3\lambda\chi_0^2 > 0,1895f0dc2e0db8ae2815938c003d3da2b6b1752d3aa3a1f9795bdd04b07e5dbd,consciousness-chi-field-action,"l-2 mb-3""> If \(m^2 > 0\): \(m_{\text{eff}}^2 = m^2 + 3\lambda\chi_0^2 > 0\). Stable oscillations. <span class=""text-teal-accent""",,,,,,,,,,,True
EQ-068,inline_math,\chi_0 = \sqrt{-m^2/\lambda},20d6294876ff58bb76a05cc206f3a1a13497e60491e161307eb7fc651a870ebc,consciousness-chi-field-action,If \(m^2 0\). Still stable around the true minimum.,,,,,,,,,,,True
EQ-069,inline_math,m_{\text{eff}}^2 = -2m^2 > 0,0d3751aebf41f16023c3e9fa6f911263d8e6552a092b3b2459496c5bf89b0185,consciousness-chi-field-action,"p-2"">If \(m^2 0\). Still stable around the true minimum. The",,,,,,,,,,,True
EQ-070,inline_math,"x^A = (ct, x, y, z, \mathfrak{s})",c049afcf9bda3fbe5b152cf355c144db0d7239909a47370fbb911ff604537914,consciousness-chi-field-action,-spacetime ontology pertains to the UV completion &mdash; analogous to how GR is effective without knowing quantum gravity. The 5D manifold framework,,,,,,,,,,,True
EQ-071,inline_math,\mathfrak{s},48b83c404d0bff70d7fbf28bd5201c730c82929d8bc5ed62ef5b5f0a8f44bf7b,consciousness-chi-field-action,"analogous to how GR is effective without knowing quantum gravity. The 5D manifold framework \(x^A = (ct, x, y, z, \mathfrak{s})\) addresses this: the",,,,,,,,,,,True
EQ-072,inline_math,v \leq c,aa4c65577839501159ad4169e5f7c83d17a541c6c946ed7bfa1840e88ebedbcc,consciousness-chi-field-action,"Within the effective description: causal propagation (\(v \leq c\)), spin-statistics (spin-0, bosonic), standard energy conditions. The emergence ques",,,,,,,,,,,True
EQ-073,inline_math,\alpha = 2\xi^2\kappa_0,6d5afd7c1ae8bba1852b475fa2c7ab79a670f2f0cff1be4bcb7b661c29d45456,consciousness-chi-field-action,"where \(\alpha = 2\xi^2\kappa_0\) and \(\lambda_\chi = \hbar/(m_\chi c) \sim c/H_0 \sim 10^{26}\) m. <p class=""font-cri",,,,,,,,,,,True
EQ-074,inline_math,r \sim 1,317124ac4bd16b0e6e23baa88816cec212190160c30f88c9c1e2511265e87daa,consciousness-chi-field-action,"6}\) m. At laboratory scales (\(r \sim 1\) m): \(e^{-r/\lambda_\chi} \approx 1\), but \(\alpha = 2\xi^2\kappa_0 \lesssim 10^{-59}\) for \(\xi \lesssim",,,,,,,,,,,True
EQ-075,inline_math,e^{-r/\lambda_\chi} \approx 1,33aa18cbbe41d2f69bfb6af901989109e9576fa68be30994fcd8382f149c7de3,consciousness-chi-field-action,"At laboratory scales (\(r \sim 1\) m): \(e^{-r/\lambda_\chi} \approx 1\), but \(\alpha = 2\xi^2\kappa_0 \lesssim 10^{-59}\) for \(\xi \lesssim 10^5\).",,,,,,,,,,,True
EQ-076,inline_math,\alpha = 2\xi^2\kappa_0 \lesssim 10^{-59},21490f8f42a98bc50d36341ef3c09a82463ee8eabfa6af80a8b50b53c586ae2d,consciousness-chi-field-action,"ont-crimson text-lg leading-relaxed text-gray-300""> At laboratory scales (\(r \sim 1\) m): \(e^{-r/\lambda_\chi} \approx 1\), but \(\alpha = 2\xi^2\ka",,,,,,,,,,,True
EQ-077,inline_math,\xi \lesssim 10^5,f3ad49f7bc33cba6ee5cbfcbcff90574682632f0380131f18f57117362d66911,consciousness-chi-field-action,"> At laboratory scales (\(r \sim 1\) m): \(e^{-r/\lambda_\chi} \approx 1\), but \(\alpha = 2\xi^2\kappa_0 \lesssim 10^{-59}\) for \(\xi \lesssim 10^5\",,,,,,,,,,,True
EQ-078,inline_math,\alpha \lesssim 10^{-2},3ca7ee2ed3b079bcb28b4aaa52136664ef757b8cb75dcce378840907acc0aca5,consciousness-chi-field-action,"im 1\) m): \(e^{-r/\lambda_\chi} \approx 1\), but \(\alpha = 2\xi^2\kappa_0 \lesssim 10^{-59}\) for \(\xi \lesssim 10^5\). E&ouml;t-Wash sensitivity:",,,,,,,,,,,True
EQ-079,inline_math,|\gamma_{\text{PPN}} - 1| < 2.3 \times 10^{-5},e130a63f075ce5ade07e6acb111d4e6c0c2856e81a36f4797cbbad734b06af12,consciousness-chi-field-action,"Shapiro time delay constrains PPN parameter: \(|\gamma_{\text{PPN}} - 1| <p class=""font-crimson text-lg leading-relaxed text-gray-300",,,,,,,,,,,True
EQ-080,inline_math,f(\chi) = 1 + \xi\kappa_0\chi^2,d7d3964adf79d0e7963c7ced39dd5f4c3721736ddf93c09997977df9dcc09f83,consciousness-chi-field-action,For Brans-Dicke-type with \(f(\chi) = 1 + \xi\kappa_0\chi^2\):,,,,,,,,,,,True
EQ-081,inline_math,\xi\kappa_0\chi_0^2 \ll 1,5176549b21916c0b67a87748eadcd1770592dae3435f7ed66396584b50b6707d,consciousness-chi-field-action,"For \(\xi\kappa_0\chi_0^2 \ll 1\) (holds given \(\kappa_0 \sim 10^{-69}\)): \(|\gamma - 1| \sim 2\xi^2\kappa_0\chi_0^2\). <strong class=""text-teal-acc",,,,,,,,,,,True
EQ-082,inline_math,|\gamma - 1| \sim 2\xi^2\kappa_0\chi_0^2,6e4bf6958d520a0d8d836aedee9a43df568269b5e191c15b4d0769c46daa77bc,consciousness-chi-field-action,"""font-crimson text-lg leading-relaxed text-gray-300""> For \(\xi\kappa_0\chi_0^2 \ll 1\) (holds given \(\kappa_0 \sim 10^{-69}\)): \(|\gamma - 1| \sim",,,,,,,,,,,True
EQ-083,inline_math,|c_{\text{GW}}/c - 1| < 10^{-15},833158f5ed56670a72a7d1e5bce789841e027e163c4890e37b19bf2533532902,consciousness-chi-field-action,GW170817 + GRB170817A: \(|c_{\text{GW}}/c - 1|,,,,,,,,,,,True
EQ-084,inline_math,Z(\chi) = 1,bbf3550bcf9ac6e0bdbcae9f7546dd03c3ded4db6ad68ef0b8546ac500cf2e06,consciousness-chi-field-action,". For the minimal action with \(Z(\chi) = 1\) and standard kinetic term, gravitational wave propagation speed is exactly \(c\) to leading order. Non-m",,,,,,,,,,,True
EQ-085,inline_math,m \sim H_0,b8fd113972f19bd3abf6f73b1c342f9ae5e7e55f690b1fdf8ed71d962e59db76,consciousness-chi-field-action,"Constraints &chi; with \(m \sim H_0\) acts as quintessence. Current data (Planck + DESI DR2 + DES5Y): <div class=""desi-table rounded-xl",,,,,,,,,,,True
EQ-086,inline_math,-0.7,c18852d643e684c3a065f8479bdeef8576925fc67efb0cd70dd91156c9dea6dd,consciousness-chi-field-action,"px-5 py-4 text-center text-gray-400 font-mono"">\(-1\) \(-0.7\) to \(-0.9\) \(\approx -0.7\) <i class=""",,,,,,,,,,,True
EQ-087,inline_math,-0.9,adad4f53cfeca7a03e20467f4311ab1d957b94e30c738047a43870b661314968,consciousness-chi-field-action,"xt-center text-gray-400 font-mono"">\(-1\) \(-0.7\) to \(-0.9\) \(\approx -0.7\) <i class=""fas fa-check",,,,,,,,,,,True
EQ-088,inline_math,\approx -0.7,7e4d4238b82d2812feaac34aea3fb03b7c0dbf95493bc8803874115ef91a471b,consciousness-chi-field-action,"text-teal-glow font-mono"">\(-0.7\) to \(-0.9\) \(\approx -0.7\) <tr class=""border-t border-white",,,,,,,,,,,True
EQ-089,inline_math,-0.5,1b07b0cffa0b3f596b5e048b0115168886cc5183dd518655b5515ee5dddac6d1,consciousness-chi-field-action,"""px-5 py-4 text-center text-gray-400 font-mono"">\(0\) \(-0.5\) to \(-1.2\) \(\approx -1\) <i class=""fa",,,,,,,,,,,True
EQ-090,inline_math,-1.2,6c435e9072adbf41dc649d3df8334e0e952d38b44ef12f1043f8e81c2efbd743,consciousness-chi-field-action,"ext-center text-gray-400 font-mono"">\(0\) \(-0.5\) to \(-1.2\) \(\approx -1\) <i class=""fas fa-check m",,,,,,,,,,,True
EQ-091,inline_math,\approx -1,81e37ca46716067f2dab779bb9c13689bc529a963958a53a60a6d247754b8b06,consciousness-chi-field-action,"text-teal-glow font-mono"">\(-0.5\) to \(-1.2\) \(\approx -1\) <tr class=""border-t border-white/5",,,,,,,,,,,True
EQ-092,inline_math,\rho_{\text{vac}} \sim 10^{71},00a370ba571c43e622f301f97765fe690a2195f992f662e4231e59fefbf0d62e,consciousness-chi-field-action,Problem QFT predicts \(\rho_{\text{vac}} \sim 10^{71}\) GeV4. Observed: \(\rho_{\text{DE}} \sim 10^{-47}\) GeV4. Discrepancy: 118 orders of magnitude,,,,,,,,,,,True
EQ-093,inline_math,\rho_{\text{DE}} \sim 10^{-47},5472c346074b3e969a8cd7a43df0a9d2fd75995d9c2a726432f21c57af1176b4,consciousness-chi-field-action,"crimson text-base leading-relaxed text-gray-300 mb-2""> QFT predicts \(\rho_{\text{vac}} \sim 10^{71}\) GeV4. Observed: \(\rho_{\text{DE}} \sim 10^{-47",,,,,,,,,,,True
EQ-094,inline_math,V(\chi),ae30c724ba9e4f6cbaad787403ff15faeb9287ccf1065b18427f173d97e6f986,consciousness-chi-field-action,&chi; resolves via dynamical relaxation: \(V(\chi)\) is not the bare vacuum energy but an evolving potential. The tiny observed value reflects the fie,,This expression states: V(chi).,,,,,This equation represents the volume of a shape denoted by the variable chi.,,,,True
EQ-095,inline_math,w = -1,bcaa1b6f4aeb2dabe8bf2e0f17aa3450469c9159c97f7ff668c5bbb376506ae3,consciousness-chi-field-action,State &Lambda;CDM predicts \(w = -1\) exactly. DESI DR2 measures \(w \neq -1\) at 4.2&sigma;. Standard physics has no mechanism &mdash; only parametri,,,,,,,,,,,True
EQ-096,inline_math,w \neq -1,e04bfdef03860593bf0d96bbd60eb51b12ddc26f53571e93c998df371b667ced,consciousness-chi-field-action,&Lambda;CDM predicts \(w = -1\) exactly. DESI DR2 measures \(w \neq -1\) at 4.2&sigma;. Standard physics has no mechanism &mdash; only parametrization,,,,,,,,,,,True
EQ-097,inline_math,H_0 = 67.4 \pm 0.5,e8951358086a2dc84fc751ddc13e2c7dcf89ff58c56748cbdef43fc179617ad0,consciousness-chi-field-action,ub>0 Tension Planck: \(H_0 = 67.4 \pm 0.5\). SH0ES: \(H_0 = 73.0 \pm 1.0\). Discrepancy: 4.4&sigma;. The &chi;-field matter-dark energy coupling (Grac,,,,,,,,,,,True
EQ-098,inline_math,H_0 = 73.0 \pm 1.0,b31c3352b3e83be72c70aa7414bf6a0a8b3810120fec7a362f63d2798cde5dcf,consciousness-chi-field-action,Planck: \(H_0 = 67.4 \pm 0.5\). SH0ES: \(H_0 = 73.0 \pm 1.0\). Discrepancy: 4.4&sigma;. The &chi;-field matter-dark energy coupling (Grace Drag \(Q_{\,,,,,,,,,,,True
EQ-099,inline_math,Q_{\text{GD}},aa761c4dbaddd533046b3691740af942470d0d22a746c95e4a2d79587510f218,consciousness-chi-field-action,Planck: \(H_0 = 67.4 \pm 0.5\). SH0ES: \(H_0 = 73.0 \pm 1.0\). Discrepancy: 4.4&sigma;. The &chi;-field matter-dark energy coupling (Grace Drag \(Q_{\,,,,,,,,,,,True
EQ-100,inline_math,\sigma_8 = 0.811,8c10f1b1c20b01557ba5af6329f09fbd466c20f537d6ceeebf5bb7fa206ba8d1,consciousness-chi-field-action,ub>8 Tension Planck: \(\sigma_8 = 0.811\). Weak lensing: \(\sigma_8 \approx 0.76\text{--}0.79\). The &chi;-field coupling (\(\beta = -0.054\)) suppres,,,,,,,,,,,True
EQ-101,inline_math,\sigma_8 \approx 0.76\text{--}0.79,8f18ed072e213e50bdb7afb2f86094c485e5155560adc60b9f3d518ed66cd96c,consciousness-chi-field-action,/h3> Planck: \(\sigma_8 = 0.811\). Weak lensing: \(\sigma_8 \approx 0.76\text{--}0.79\). The &chi;-field coupling (\(\beta = -0.054\)) suppresses late,,,,,,,,,,,True
EQ-102,inline_math,\beta = -0.054,c3a8a1e7e48d2656c86bbe93aaee091e854715a5478e7541cf9adfd26f101e44,consciousness-chi-field-action,"xed text-gray-300""> Planck: \(\sigma_8 = 0.811\). Weak lensing: \(\sigma_8 \approx 0.76\text{--}0.79\). The &chi;-field coupling (\(\beta = -0.054\))",,,,,,,,,,,True
EQ-103,inline_math,\sigma_8,a68d8f4e3ddad0a8969bdec3a2ba0b63208d254eed73b03248e9b7a94b555097,consciousness-chi-field-action,"sing: \(\sigma_8 \approx 0.76\text{--}0.79\). The &chi;-field coupling (\(\beta = -0.054\)) suppresses late-time structure growth, naturally reducing",,,,,,,,,,,True
EQ-104,inline_math,\nabla^\mu G_{\mu\nu} = 0,2ff29f06c967bfbb9441a2860ba0f6395e7e1126b86829db52bd85d06629d990,consciousness-chi-field-action,"Bianchi identity guarantees \(\nabla^\mu G_{\mu\nu} = 0\). The modified Einstein equation then gives: <div class=""eq-box rounded-lg p-5 mb-3""",,,,,,,,,,,True
EQ-105,inline_math,v_g \leq c,60345b8de31f0db2fd048702b6645eb43a5445e7ab905edf453adca7e7883714,consciousness-chi-field-action,Causality \(v_g \leq c\) for all perturbation modes. No tachyonic instabilities in physical vacuum. Well-posed initial value formulation (hyperbolic P,,,,,,,,,,,True
EQ-106,inline_math,\Lambda_{\text{UV}} \sim M_{\text{Pl}},3e8ed797dabb3180fabf73b6d6d54556a709b616235f94ef38cb3b43159dbeab,consciousness-chi-field-action,"o negative-norm states, no ghosts). Loop corrections introduce standard scalar-tensor renormalization issues, but theory is well-defined as EFT below",,,,,,,,,,,True
EQ-107,inline_math,T_{\mu\nu},9dde3654dfd66a80ee6aa1e42bf527d15d97a025331f7256a11eb9991ae4f682,consciousness-chi-field-action,"r verdict-pass text-lg""> Bianchi &rarr; total \(T_{\mu\nu}\) conserved. Causality preserved. No ghosts.",,This expression states: T_{munu}.,,,,,"This equation represents the stress-energy tensor in physics, which describes the distribution of energy and momentum in spacetime.",,,,True
EQ-108,inline_math,f\sigma_8(z=0.5) > 0.44,e384ce110e7efa948dcefa44f6bdf35f240c6cdf2a077f795556e3dbe53474ce,consciousness-chi-field-action,"ont-bold text-xs mt-0.5"">1 Euclid (Oct 2026) measures \(f\sigma_8(z=0.5) > 0.44\) &rarr; no structure growth suppression <div class=""flex gap-3 items-",,,,,,,,,,,True
EQ-109,inline_math,\kappa \sim 10^{-69},84dbc099a7d5a80bd66b065c4935e6f8e4730e13defdba9fb25f3c15d8c8810b,consciousness-chi-field-action,"ext-sm text-gray-300"">Fifth-force experiments detect scalar coupling above E&ouml;t-Wash bounds inconsistent with \(\kappa \sim 10^{-69}\) <div class=",,,,,,,,,,,True
EQ-110,inline_math,c_{\text{GW}} \neq c,7bb44d8d26d9fcc6db6dc9875847ed4637e1b66c659cae809cfe5a097770fe0f,consciousness-chi-field-action,"no font-bold text-xs mt-0.5"">4 GW observations detect \(c_{\text{GW}} \neq c\) at precision exceeding \(10^{-15}\) <div class=""flex gap-3 items-start",,,,,,,,,,,True
EQ-111,inline_math,10^{-15},887bd3165ed65b20e7c69cd9f871697541d3559e4264c74a990f8a37465a9965,consciousness-chi-field-action,GW observations detect \(c_{\text{GW}} \neq c\) at precision exceeding \(10^{-15}\),,This expression states: 10^{-15}.,,,,,"This equation represents a very small number, specifically in the range of nanoseconds.",,,,True
EQ-112,inline_math,G_{\text{eff}} = G_N/(1 + \xi\kappa_0\chi^2),7e8589ca7bee59bda3cf03ca712aa4dcd9b92cc125530ca21ebceec9a31eb6da,consciousness-chi-field-action,"n class=""font-inter font-semibold text-white text-sm"">Galaxy rotation curves: \(G_{\text{eff}} = G_N/(1 + \xi\kappa_0\chi^2)\) could contribute if &ch",,,,,,,,,,,True
EQ-113,inline_math,f(\chi),3701f87366e2845f90ff50a52c4d13e49ab15bc6581f035484da21034d1c5f77,consciousness-chi-field-action,"Theory \(f(\chi)\) \(V(\chi)\) <th class=""text-left px-4 py",,,,,,,,,,,True
EQ-114,inline_math,\chi,8d50b5beb7fe1e79d493a28bd7b5833f3403ebe867c4ac17d3967b67cfa06141,consciousness-chi-field-action,"Brans-Dicke \(\chi\) (linear) 0 <td class=""px-4 py-3 fon",,,,,,,,,,,True
EQ-115,inline_math,V_0 e^{-\lambda\chi},5cb4a2264917c24d2fef1bc674b3ec2a2682e4c6a9caf58817fa7cd13a82c519,consciousness-chi-field-action,1 (minimal) \(V_0 e^{-\lambda\chi}\) \(\sim H_0\) <td cl,,,,,,,,,,,True
EQ-116,inline_math,\sim H_0,abeb4793df1c7971280c5a8d17e891c9f593711b9e766a68b587c5ac09668508,consciousness-chi-field-action,\(V_0 e^{-\lambda\chi}\) \(\sim H_0\) Consistent with DESI,,,,,,,,,,,True
EQ-117,inline_math,f(R),da85f71d6941bd346c0e5b77542123a6bc2e95f16350e938a209529383e192cc,consciousness-chi-field-action,"py-3 text-xs"">Consistent with DESI \(f(R)\) gravity \(f(R)\) <td class=""px-4 py",,,,,,,,,,,True
EQ-118,inline_math,1 + \xi\kappa_0\chi^2,a3997e35c7ad1aa4d4f4ca7da9525e93d9fd6287b9d7b4416503e6b8890d24b1,consciousness-chi-field-action,,,,,,,,,,,,True
EQ-119,inline_math,\tfrac{1}{2}m^2\chi^2 + \tfrac{\lambda}{4}\chi^4,493e416a79e8f22ade08233857c853d27bdfc84881aec6d5de1b537a21d159ed,consciousness-chi-field-action,"3 font-mono text-xs text-teal-glow"">\(1 + \xi\kappa_0\chi^2\) \(\tfrac{1}{2}m^2\chi^2 + \tfrac{\lambda}{4}\chi^4\) \(\sim H_",,,,,,,,,,,True
EQ-120,inline_math,ds^2 = -dt^2 + a(t)^2 d\mathbf{x}^2,bb812c2bd400374b919a8fcac923e078dda79bc7d2085328a26e59a3387b58c0,consciousness-chi-field-action,"ressure For FRW metric (\(ds^2 = -dt^2 + a(t)^2 d\mathbf{x}^2\)) with homogeneous &chi;: <div class=""eq-box rounded-lg p-5 mb-4"" data-eq-",,,,,,,,,,,True
EQ-121,inline_math,w_\chi = p_\chi/\rho_\chi,d447096c87daf21733a437397366f9dc6b3334a01d4769b05095bb72b50b744e,consciousness-chi-field-action,Equation of state: \(w_\chi = p_\chi/\rho_\chi\). For slow-roll (\(\dot\chi^2 \ll V(\chi)\)): \(w_\chi \approx -1 + \varepsilon\) where \(\varepsilon\,,,,,,,,,,,True
EQ-122,inline_math,\dot\chi^2 \ll V(\chi),b638532696b9cd9a8f70b777db5ced07a58ac13c76aa19a8378ad4804d5adbee,consciousness-chi-field-action,Equation of state: \(w_\chi = p_\chi/\rho_\chi\). For slow-roll (\(\dot\chi^2 \ll V(\chi)\)): \(w_\chi \approx -1 + \varepsilon\) where \(\varepsilon\,,,,,,,,,,,True
EQ-123,inline_math,w_\chi \approx -1 + \varepsilon,6b724b818dbfe4623d4f8c3af4b61da33e456c9c5569bc1aaccebdacf5a3e925,consciousness-chi-field-action,"-lg leading-relaxed text-gray-300""> Equation of state: \(w_\chi = p_\chi/\rho_\chi\). For slow-roll (\(\dot\chi^2 \ll V(\chi)\)): \(w_\chi \approx -1",,,,,,,,,,,True
EQ-124,inline_math,\varepsilon,daec86669d42946c1832d74d74b9f0af0206ffd283c054be6ff8d841d1cb7d6f,consciousness-chi-field-action,Equation of state: \(w_\chi = p_\chi/\rho_\chi\). For slow-roll (\(\dot\chi^2 \ll V(\chi)\)): \(w_\chi \approx -1 + \varepsilon\) where \(\varepsilon\,,,,,,,,,,,True
EQ-125,inline_math,w_\chi > -1,4829b5150ed8b55862d0495777160d0d6edd1925e8ed9070c70a9a4b67b49e0f,consciousness-chi-field-action,\rho_\chi\). For slow-roll (\(\dot\chi^2 \ll V(\chi)\)): \(w_\chi \approx -1 + \varepsilon\) where \(\varepsilon\) is slow-roll parameter. This gives,,,,,,,,,,,True
EQ-126,inline_math,w_0 \approx -0.7,f28ee0388e752f1d6ba4df8c8c71c3bdf05beb8825c6abb6aa16ff0ea68c3c6a,consciousness-chi-field-action,"i \approx -1 + \varepsilon\) where \(\varepsilon\) is slow-roll parameter. This gives \(w_\chi > -1\) (quintessence regime), consistent with DESI DR2",,,,,,,,,,,True
EQ-127,inline_math,T_{\mu\nu}^{(\text{total})} = T_{\mu\nu}^{(\chi)} + T_{\mu\nu}^{(\xi)},03cba957352a1da5b2ba36fff129539c8c30ac11c978529097a1627357f7d4e9,consciousness-chi-field-action,Total: \(T_{\mu\nu}^{(\text{total})} = T_{\mu\nu}^{(\chi)} + T_{\mu\nu}^{(\xi)}\),,,,,,,,,,,True
EQ-128,inline_math,\mathcal{L}_{\text{int}} \supset -\kappa\chi^2 R\sqrt{-g},a0fe9e0de1dfa3e9503d5b8ed86de5e290aefb4021c93e8ec3f7223ed57a41b6,consciousness-chi-field-action,3> The LAG-05 Unified Field Lagrangian writes \(\mathcal{L}_{\text{int}} \supset -\kappa\chi^2 R\sqrt{-g}\). This paper's non-minimal coupling term \(,,,,,,,,,,,True
EQ-129,inline_math,(\xi\kappa_0\chi^2)R/(2\kappa_0) = (\xi/2)\chi^2 R,d6475f53dc225fb0a6bfe898f82973425ab29b8767f398beaafc4c2ac673a698,consciousness-chi-field-action,The LAG-05 Unified Field Lagrangian writes \(\mathcal{L}_{\text{int}} \supset -\kappa\chi^2 R\sqrt{-g}\). This paper's non-minimal coupling term \((\x,,,,,,,,,,,True
EQ-130,inline_math,\xi/2,4a28234338b2ddbcabb992b25ee8f710c8d7a0666ec236027c59618c7b6395bc,consciousness-chi-field-action,-\kappa\chi^2 R\sqrt{-g}\). This paper's non-minimal coupling term \((\xi\kappa_0\chi^2)R/(2\kappa_0) = (\xi/2)\chi^2 R\) is the same structure with \,,,,,,,,,,,True
EQ-131,inline_math,\kappa,055de4ec3d8e4886e65188679865c7b52a840bbfe670437f5d6317be2f7a3ff3,consciousness-chi-field-action,minimal coupling term \((\xi\kappa_0\chi^2)R/(2\kappa_0) = (\xi/2)\chi^2 R\) is the same structure with \(\xi/2\) identified as the coupling constant,,This expression states: kappa.,,,,,kappa,,,,True
EQ-132,inline_math,\kappa G \cdot C \cdot R(FQ)/(S+\varepsilon),9d1752c2de04c7c40746708cb8b1a41598fd9f1da495bf2773df6aa8f31ff855,consciousness-chi-field-action,"/p> The Convergence paper's Logos Source Term \(\kappa G \cdot C \cdot R(FQ)/(S+\varepsilon)\) maps to the full multi-component extension where G, C,",,,,,,,,,,,True
EQ-133,inline_math,d\chi/dt = -\alpha S(t) + \beta(\Sigma_i \mathcal{F}_i),64e5ac50f0be47c9a22b96b793bc222c8c4548522ad2448814eaf1f76e51af4a,consciousness-chi-field-action,(see Open Problem 3). The LLC \(d\chi/dt = -\alpha S(t) + \beta(\Sigma_i \mathcal{F}_i)\) is the equation of motion for the homogeneous mode of &chi;,,,,,,,,,,,True
EQ-134,inline_math,S(t) \to,2fcc5ad4bc2260177f5aaef8dc45667671318342b9a36514d2202af6e255228a,consciousness-chi-field-action,"in the cosmological background, derived from the FRW reduction of the field equation \(\Box\chi + V'_{\text{eff}}(\chi) = 0\) with the identification",,,,,,,,,,,True
EQ-135,inline_math,\mathcal{F}_i \to,b919ce7f1bd52868a91c28d95e0ad957eaa0db838d6ba3af3e2d6de410c0129f,consciousness-chi-field-action,derived from the FRW reduction of the field equation \(\Box\chi + V'_{\text{eff}}(\chi) = 0\) with the identification \(S(t) \to\) entropy source and,,,,,,,,,,,True
EQ-136,eq_box,\Box \chi - m_\chi^2 \chi - \lambda \chi^3 + \xi \kappa_0 \chi R = 0,e9c2296bc3919d756f8b139a3d1debd46c75512fe43cf1ff02e4d91029fb9d6f,consciousness-chi-field-action,\(\delta S / \delta\chi = 0\) gives: $$\Box \chi - m_\chi^2 \chi - \lambda \chi^3 + \xi \kappa_0 \ch,,,,,,,,,,,True
EQ-137,eq_box,V_{\text{eff}}(\chi) = \frac{1}{2}\left(m_\chi^2 - \xi \kappa_0 R\right)\chi^2 + \frac{\lambda}{4}\chi^4,b17f764ff8e4f7bd05d4ebfa278f3fcc6c7a5e82bd1432490a4a36f4bb80c1dd,consciousness-chi-field-action,"t-gray-300 mb-4""> Equivalently: \(\Box\chi + V'_{\text{eff}}(\chi) = 0\) where the effective potential is: $$V_{\text{eff}}(\chi) = \frac{1}{2}\left(m",,,,,,,,,,,True
EQ-138,eq_box,G_{\mu\nu} = \kappa_0 \left(T_{\mu\nu}^{(\text{matter})} + T_{\mu\nu}^{(\chi)}\right) - \xi\kappa_0\left(\chi^2 G_{\mu\nu} + g_{\mu\nu}\Box(\chi^2) - \nabla_\mu\nabla_\nu(\chi^2)\right),84123eaf20972c7c57b4fbfe3d6126972230fae93a520281dcd1e1b276b159b6,consciousness-chi-field-action,\(\delta S / \delta g^{\mu\nu} = 0\) gives: $$G_{\mu\nu} = \kappa_0 \left(T_{\mu\nu}^{(\text{matter})} + T_,,,,,,,,,,,True
EQ-139,eq_box,"T_{\mu\nu}^{(\chi)} = \partial_\mu\chi\,\partial_\nu\chi - g_{\mu\nu}\left(\frac{1}{2}\partial_\alpha\chi\,\partial^\alpha\chi + V(\chi)\right)",0053a8de1bed53ea94806bb3fb50af76af94a32ae9ce50f1682196cea3857e02,consciousness-chi-field-action,"ht)$$ where the &chi; stress-energy tensor is: $$T_{\mu\nu}^{(\chi)} = \partial_\mu\chi\,\partial_\nu\chi - g_{\mu\",,,,,,,,,,,True
EQ-140,eq_box,Result,6e7d50e84f4731ef74187cf8cfa2672184eed8866b0b0074a772f4a64e0f4ba2,consciousness-chi-field-action,"\to -g_{\mu\nu}V(\chi_0)\) &rarr; acts as cosmological constant \(\Box(\chi_0^2) = 0\), \(\nabla_\mu\nabla_\nu(\chi_0^2) = 0\) Result",,,,,,,,,,,True
EQ-141,eq_box,\Box\delta\chi + m_{\text{eff}}^2 \delta\chi = 0,b2bdfdd63bd595263909d5f2c883fd2878c33baba62944d27d63da0c1b0e7d31,consciousness-chi-field-action,"t-crimson text-lg leading-relaxed text-gray-300 mb-4""> Linearizing around the VEV: \(\chi = \chi_0 + \delta\chi\), the perturbation satisfies: $$\Box\",,,,,,,,,,,True
EQ-142,eq_box,m_{\text{eff}}^2 = m_\chi^2 + 3\lambda\chi_0^2 - \xi\kappa_0 R,80444fc78932c65524685ce72d51f742b856d0fbb7d3ab0f579e110ccbf989dd,consciousness-chi-field-action,chi + m_{\text{eff}}^2 \delta\chi = 0$$ where: $$m_{\text{eff}}^2 = m_\chi^2 + 3\lambda\chi_0^2 - \xi\kappa_0,,,,,,,,,,,True
EQ-143,eq_box,\omega^2 = k^2 c^2 + m_{\text{eff}}^2 c^4/\hbar^2,dee81a2a0d4fe0f0384f41fb27799e91f9e48c70a7dbaaa9f164775dea6941a4,consciousness-chi-field-action,For plane wave solutions \(\delta\chi \propto \exp(i(kx - \omega t))\): $$\omega^2 = k^2 c^2 + m_{\text{eff}}^2 c^4/\hbar^2$$,,,,,,,,,,,True
EQ-144,eq_box,"V(r) = -\frac{G_N m_1 m_2}{r}\left(1 + \alpha \, e^{-r/\lambda_\chi}\right)",5194b1d82d3f745f4f397fcc2a8c0ff5912ceab9c714f2a61e425b1891f421ab,consciousness-chi-field-action,"Non-minimal coupling generates a Yukawa modification to Newtonian gravity: $$V(r) = -\frac{G_N m_1 m_2}{r}\left(1 + \alpha \, e^{-r/\lambd",,,,,,,,,,,True
EQ-145,eq_box,\gamma_{\text{PPN}} - 1 \approx -2\xi^2\kappa_0\chi_0^2,e285d3f574158411a324088dc5100a5e3a28d913738add897b120ab4aa856539,consciousness-chi-field-action,For Brans-Dicke-type with \(f(\chi) = 1 + \xi\kappa_0\chi^2\): $$\gamma_{\text{PPN}} - 1 \approx -2\xi^2\kappa_0\chi_0^2$$,,,,,,,,,,,True
EQ-146,eq_box,\nabla^\mu\left(T_{\mu\nu}^{(\text{matter})} + T_{\mu\nu}^{(\chi)} + T_{\mu\nu}^{(\text{non-min})}\right) = 0,1aa4155703e6a832a66c68134b96ceb928aeec8f0cc911a0e8261300cc2646dd,consciousness-chi-field-action,"-lg leading-relaxed text-gray-300 mb-4""> Bianchi identity guarantees \(\nabla^\mu G_{\mu\nu} = 0\). The modified Einstein equation then gives: $$\nabl",,,,,,,,,,,True
EQ-147,eq_box,\rho_\chi = \frac{1}{2}\dot{\chi}^2 + V(\chi) + 3\xi H\chi\dot{\chi} + \frac{3}{2}\xi H^2\chi^2,2079f11a9ee74cfa4fbd5469e7a893ff7097b8eb875511b83695424abccf362d,consciousness-chi-field-action,"ss=""font-crimson text-lg leading-relaxed text-gray-300 mb-4""> For FRW metric (\(ds^2 = -dt^2 + a(t)^2 d\mathbf{x}^2\)) with homogeneous &chi;: $$\rho_",,,,,,,,,,,True
EQ-148,eq_box,p_\chi = \frac{1}{2}\dot{\chi}^2 - V(\chi) - \xi(\ddot{\chi}\chi + \dot{\chi}^2) - 2\xi H\chi\dot{\chi} - \xi(2\dot{H} + 3H^2)\chi^2,a2e0acaf1cc6d82a241f441225d6bc4e5451a60dc011dd34078e741dc5396c5e,consciousness-chi-field-action,"-x-auto""> $$\rho_\chi = \frac{1}{2}\dot{\chi}^2 + V(\chi) + 3\xi H\chi\dot{\chi} + \frac{3}{2}\xi H^2\chi^2$$ $$p_\chi = \frac{1}{2}\dot{\chi}^2 - V(\",,,,,,,,,,,True
EQ-149,eq_box,T_{\mu\nu}^{(\xi)} = \xi\left[g_{\mu\nu}\Box(\chi^2) - \nabla_\mu\nabla_\nu(\chi^2) + \chi^2\left(R_{\mu\nu} - \frac{1}{2}g_{\mu\nu}R\right)\right],5ea0704ed6a10cfc0c6b5f57b586e9dc1b84965707af0dced475f99f0b37ac20,consciousness-chi-field-action,+ V(\chi)\right)$$ Non-minimal coupling piece: $$T_{\mu\nu}^{(\xi)} = \xi\left[g_{\mu\nu}\Box(\chi^2) - \nabl,,,,,,,,,,,True
EQ-150,display_math,G_{\mu\nu} = \frac{8\pi G}{c^4}T_{\mu\nu},c7cd674b4e8edf43dc62893dda9506c64dd7fad493a2733f2284eb45b492ef7a,consciousness-coherence-bridge,"cribe a smooth, continuous universe: Einstein Field Equations $$G_{\mu\nu} = \frac{8\pi G}{c^4}T_{\mu\nu}$$ This elegant equation shows how mass",,,,,,,,,,,True
EQ-151,display_math,\Delta x \cdot \Delta p \geq \frac{\hbar}{2},f276b6719f8c8002c6d500a767147157c3dffe63b9ed333068bfda3b24c561e9,consciousness-coherence-bridge,e states simultaneously until measured: Uncertainty Principle $$\Delta x \cdot \Delta p \geq \frac{\hbar}{2}$$ This uncertainty principle means w,Delta x times delta p is greater than or equal to h-bar over 2,,,,,Fundamental limit on knowledge built into reality itself. Not a measurement problem - an ontological feature. Implies observer effects are real.,An equation from the Theophysics framework describing constraints on reality.,,,00_MATH_SUMMARY,True
EQ-152,display_math,|\psi\rangle = \sum_i c_i |\psi_i\rangle,06d9e33eeebf9cbc4539959d83834b33c339d1f6ad8c0cd3de6ffb96e6b720b4,consciousness-coherence-bridge,a particle exists in superposition&mdash;multiple states simultaneously: Superposition State $$|\psi\rangle = \sum_i c_i |\psi_i\rangle$$ The electron,,,,,,,,,,,True
EQ-153,display_math,\Delta x \cdot \Delta p \geq \frac{\hbar(1-C)}{2},ff5115dff6f699dd91ece60de13798f14c3342920b07a8374488632a7931f459,consciousness-coherence-bridge,"ear-gradient(135deg, rgba(20, 184, 166, 0.12) 0%, rgba(56, 189, 248, 0.08) 100%);""> Coherence-Modified Uncertainty $$\Delta x \cdot \Delta p \geq \fra",,,,,,,,,,,True
EQ-154,display_math,\Omega = \int_{V}\left( \frac{\hbar(1-C)}{2} \cdot \frac{G}{c^4} \cdot T_{\mu\nu} \right) dV,800b9dcbec60de00ae458cbf6327187c6191be02ec8d03b96f2b7f70ad4cb42e,consciousness-coherence-bridge,"ground: linear-gradient(135deg, rgba(20, 184, 166, 0.12) 0%, rgba(56, 189, 248, 0.08) 100%);""> The Bridge Equation $$\Omega = \int_{V}\left( \frac{\hb",,,,,,,,,,,True
EQ-155,display_math,|\psi_{\text{before}}\rangle = \sum_i c_i |\psi_i\rangle,e9461984dae7f68a971ee2ad3c26c0c6d2d0dc90d2f7dbb0f21935d5eff8c855,consciousness-coherence-bridge,"0.2em] uppercase text-text-muted mb-4"">Before Observation All Possibilities $$|\psi_{\text{before}}\rangle = \sum_i c_i |\psi_i\rangle$$ <span class=""",,,,,,,,,,,True
EQ-156,display_math,|\psi_{\text{after}}\rangle = \hat{P}_{C} |\psi_{\text{before}}\rangle,2b26d13627131795af9b759e3fd56324b98ac4bf6d271ef0260d938f39159a37,consciousness-coherence-bridge,"servation Selected Actuality $$|\psi_{\text{after}}\rangle = \hat{P}_{C} |\psi_{\text{before}}\rangle$$ <p class=""text-lg leading-relaxed text-text-se",,,,,,,,,,,True
EQ-157,display_math,C_{\text{collective}} = \sum_{i=1}^{n} \alpha_i C_i + \beta \prod_{i=1}^{n} C_i,124c3df165c3b543cdc7532aac24dd539b1bcdd734749b47f81cd9955173dfbb,consciousness-coherence-bridge,"near-gradient(135deg, rgba(20, 184, 166, 0.12) 0%, rgba(56, 189, 248, 0.08) 100%);""> Collective Coherence Equation $$C_{\text{collective}} = \sum_{i=1",,,,,,,,,,,True
EQ-158,display_math,\sum_{i=1}^{n} \alpha_i C_i,5ea6f8cf0ca81a042142cb0d6554b93d94b8b033f5608bae6de768aaaedd741a,consciousness-coherence-bridge,Linear Term $$\sum_{i=1}^{n} \alpha_i C_i$$ The first term is linear: n people contribute,,,,,,,,,,,True
EQ-159,display_math,\beta \prod_{i=1}^{n} C_i,1c194643dfc87dca5c2f91a63733da732ce0e4aa9921ca3c20d7ccb8e0574e9d,consciousness-coherence-bridge,,,,,,,,,,,,True
EQ-160,display_math,"\chi = \iiint(G \cdot M \cdot E \cdot S \cdot T \cdot K \cdot R \cdot Q \cdot F \cdot C) \, dx \, dy \, dt",d005207aba83ef1a4d82638e58e3f91bd5669e103c5d1bde1653c282c21a31ba,consciousness-coherence-bridge,"(135deg, rgba(20, 184, 166, 0.15) 0%, rgba(56, 189, 248, 0.1) 100%);""> The Master Equation $$\chi = \iiint(G \cdot M \cdot E \cdot S \cdot T \cdot K \",,,,,,,,,,,True
EQ-161,inline_math,"','\",00b3a3b85a377f9720088fb45895e5524827c0c0e2ab70c17d228365cedbea24,consciousness-coherence-bridge,,,,,,,,,,,,True
EQ-162,display_math,U(t) = U_0 \cdot 2^{(t-t_0)/7},5cba69c142697db5f1d8d05ed8f75b2210571a5dd22bac741e9d96d9ec631caf,consciousness-evidence-predictions,elation between prophetic fulfillment rates and quantum uncertainty. We propose this acceleration model: $$U(t) = U_0 \cdot 2^{(t-t_0)/7}$$ Where: <ul,,,,,,,,,,,True
EQ-163,inline_math,"','\",00b3a3b85a377f9720088fb45895e5524827c0c0e2ab70c17d228365cedbea24,consciousness-evidence-predictions,"//cdnjs.cloudflare.com/ajax/libs/font-awesome/6.4.0/css/all.min.css""/> MathJax = { tex: { inlineMath: [['$','$'], ['\\(','\\)']], displayMath: [['$$',",,,,,,,,,,,True
EQ-164,inline_math,\Theta = Q + U,aa383ebf29f3f96f85c981a5f10925b010d8a60ac934a51d3f929e6905c4d9ec,consciousness-free-will-evil,"t measurement capabilities: \(\Theta = Q + U\) <span class=""text-tea",,,,,,,,,,,True
EQ-165,display_math,\Box\chi - m_\chi^2\chi - \lambda\chi^3 + \xi\kappa_0\chi R = J_{\text{grace}}(x),4988e42e92d7a436f99c9e783816a887bca4762a67192ad08a921c7ef5e448b0,consciousness-grace-source-term,"teal-500/20 rounded-xl px-6 py-4 mb-8""> THE DRIVEN FIELD EQUATION $$\Box\chi - m_\chi^2\chi - \lambda\chi^3 + \xi\kappa_0\chi R = J_{\text{grace}}(x)$",,,,,,,,,,,True
EQ-166,display_math,"S_\chi = \int d^4x \sqrt{-g} \left[ \frac{1}{2\kappa_0}(1 + \xi\kappa_0\chi^2)R - \frac{1}{2}g^{\mu\nu}\partial_\mu\chi\,\partial_\nu\chi - V(\chi) + \mathcal{L}_{\text{matter}} \right]",5c102b862e0ea636b8020e3d007390e7b447df50c0d816e5e49738326ccf8c72,consciousness-grace-source-term,the Minimal Action Achieves The Minimal &chi;-Field Action (companion paper) establishes: $$S_\chi = \int d^4x \sqrt{-g} \left[ \frac{1}{2\kappa_0}(1,,,,,,,,,,,True
EQ-167,display_math,\Box\chi - m_\chi^2\chi - \lambda\chi^3 + \xi\kappa_0\chi R = 0,ef58a81641c1a0fbaeec2ee90f0c59cc3643443dd9310ab7bad89122ee75c6dd,consciousness-grace-source-term,ial_\nu\chi - V(\chi) + \mathcal{L}_{\text{matter}} \right]$$ with field equation: $$\Box\chi - m_\chi^2\chi - \lambda\chi^3 + \xi\kappa_0\chi R = 0$$,,,,,,,,,,,True
EQ-168,display_math,"S = S_\chi[\text{closed}] + S_{\text{source}} = S_\chi[\text{closed}] + \int d^4x \sqrt{-g}\, J(x)\,\chi(x)",67ebdc09b341048e2651f34729ae325a923303fcacbde5669f85c40505d80cfe,consciousness-grace-source-term,gos field) into the physical domain. The corresponding action acquires a source coupling: $$S = S_\chi[\text{closed}] + S_{\text{source}} = S_\chi[\te,,,,,,,,,,,True
EQ-169,display_math,\dot{\chi} + H\chi = -\alpha S(t) + \beta\sum_i \mathcal{F}_i,0a04de993157f99820a3a921367bf8a83d231e8fd368d2121774246f920762ae,consciousness-grace-source-term,"mb-1"">R4. Cosmological Limit In the FRW background with homogeneous &chi;(t), the field equation must reduce to the LLC: $$\dot{\chi} + H\chi = -\alph",,,,,,,,,,,True
EQ-170,display_math,"G_{\mu\nu} + \mathcal{G}(t, \Psi_{\text{collective}}) \cdot g_{\mu\nu} = \frac{8\pi G}{c^4} T_{\mu\nu}",38cf125d00685a6112ee54eba7296a04de2b91d5286b1d36dbe985773ca68116,consciousness-grace-source-term,"quation, \(J_{\text{grace}}\) must produce the Grace Function \(\mathcal{G}(t, \Psi_{\text{collective}})\) that replaces &Lambda; as the dynamical dar",,,,,,,,,,,True
EQ-171,display_math,J_{\text{grace}}(x) = \frac{\beta_G \cdot \Phi(x)}{S_{\text{local}}(x) + \varepsilon} \cdot f_{\text{reg}}(\chi),c87ca27327c2435ef5da9b03401a2dab0a86c3c2f16f6ad1cd028980f3e13b0c,consciousness-grace-source-term,erm satisfying all five requirements: MINIMAL GRACE SOURCE TERM $$J_{\text{grace}}(x) = \frac{\beta_G \cdot \Phi(x)}{S_{\text{local}}(x) + \varepsilon,,,,,,,,,,,True
EQ-172,display_math,"f_{\text{reg}}(\chi) = \chi_{\text{max}} - \chi \quad \text{for } \chi < \chi_{\text{max}}, \quad 0 \text{ otherwise}",393a73a22e0caba15945c38800bb447152a2a1eb6f0d4f101c758b8c0f9df3c6,consciousness-grace-source-term,"b-4 mt-12"">2.4 &mdash; The Self-Regulation Function The crucial piece preventing runaway: $$f_{\text{reg}}(\chi) = \chi_{\text{max}} - \chi \quad \tex",,,,,,,,,,,True
EQ-173,display_math,J_{\text{Logos}} = \frac{\kappa_L \cdot G \cdot C \cdot R \cdot (F \cdot Q)}{S + \varepsilon},a608356ca12c92951dd2d8a825800f2ba3abdda56e58b490a48619212b5660ee,consciousness-grace-source-term,mdash; The Multi-Component Logos Source Term The convergence paper's full source term is: $$J_{\text{Logos}} = \frac{\kappa_L \cdot G \cdot C \cdot R,,,,,,,,,,,True
EQ-174,display_math,\Box\chi = -\ddot{\chi} - 3H\dot{\chi},16b330b9b781de87308de27e653e79f053fb37880b35cde2f5dea043b6c853e5,consciousness-grace-source-term,"g text-gray-300 leading-relaxed mb-4"">In the FRW background with scale factor a(t), the &chi; field is homogeneous: &chi; = &chi;(t). The d'Alembertia",,,,,,,,,,,True
EQ-175,display_math,\ddot{\chi} + 3H\dot{\chi} + m_\chi^2\chi + \lambda\chi^3 - 6\xi\kappa_0\chi(\dot{H} + 2H^2) = J_{\text{grace}}(t),beaad7f76c7359f2e70c5bc1d3cee2d4d7969ee0340ed6e191deaf0bbd0cf5ed,consciousness-grace-source-term,"-lg text-gray-300 leading-relaxed mb-4"">where \(H = \dot{a}/a\) is the Hubble parameter. The Ricci scalar is \(R = 6(\dot{H} + 2H^2)\). The field equa",,,,,,,,,,,True
EQ-176,display_math,3H\dot{\chi} + V'_{\text{eff}}(\chi) = J_{\text{grace}}(t),9276e6e7808e979376eeb77e9957b25b8d206653711545d0206c1c0715e0553f,consciousness-grace-source-term,"$ In the slow-roll regime (\(|\ddot{\chi}| \ll 3H|\dot{\chi}|\)), this reduces to: $$3H\dot{\chi} + V'_{\text{eff}}(\chi) = J_{\text{grace}}(t)$$ Divi",,,,,,,,,,,True
EQ-177,display_math,\dot{\chi} = -\frac{V'_{\text{eff}}(\chi)}{3H} + \frac{J_{\text{grace}}(t)}{3H},bad092cc90a4f719726bd2c994fd973a051b63937f7cfd5ca70b9d345161e463,consciousness-grace-source-term,$$3H\dot{\chi} + V'_{\text{eff}}(\chi) = J_{\text{grace}}(t)$$ Dividing by 3H: $$\dot{\chi} = -\frac{V'_{\text{eff}}(\chi)}{3H} + \frac{J_{\text{grace,,,,,,,,,,,True
EQ-178,display_math,\frac{d\chi}{dt} = -\alpha S(t) + \beta\sum_i \mathcal{F}_i,846ddcb971e2bf29eb44db74f0f15751ee98a6b3fc5162c3c375b0d2c4ccde19,consciousness-grace-source-term,where \(\mathcal{F}_i\) are the coherence sources LLC RECOVERY $$\frac{d\chi}{dt} = -\alpha S(t) + \beta\sum_i \mathcal{F}_i$$ This is exactly the Low,,,,,,,,,,,True
EQ-179,display_math,\Lambda_{\text{eff}}(t) = \kappa_0 V(\chi(t)) + \frac{\kappa_0}{2}\dot{\chi}^2 - \xi\kappa_0\chi^2 R_{\text{corrections}},beff56b1bd347dbe19e8892ab8066c05bccfe14b964fe36f5073cacbf6395cb6,consciousness-grace-source-term,"> From the modified Einstein equations (companion paper), the effective cosmological term is: $$\Lambda_{\text{eff}}(t) = \kappa_0 V(\chi(t)) + \frac{",,,,,,,,,,,True
EQ-180,display_math,\mathcal{G}(t) \equiv \Lambda_{\text{eff}}[\chi(t; J_{\text{grace}})],0e97edda840c61d17f51c65861884e154b74b1425d12a06df7a7568ded47ed9b,consciousness-grace-source-term,"&chi; is driven by \(J_{\text{grace}}\), the field evolves dynamically rather than sitting at a fixed VEV. The effective &Lambda; therefore becomes ti",,,,,,,,,,,True
EQ-181,display_math,H^2 = \frac{8\pi G}{3}\rho_{\text{matter}} + \frac{1}{3}\left[\frac{1}{2}\dot{\chi}^2 + V(\chi)\right] + \frac{\xi}{3}\chi^2 H^2,6b617ab4aa048e4b54e86e52598e825e209c6f3885e6b37a14a071de3803045d,consciousness-grace-source-term,determines the effective cosmological function. The modified Friedmann equation becomes: $$H^2 = \frac{8\pi G}{3}\rho_{\text{matter}} + \frac{1}{3}\le,,,,,,,,,,,True
EQ-182,display_math,H^2 = \frac{1}{1 - \xi\chi^2/3}\left[\frac{8\pi G}{3}\rho_{\text{matter}} + \frac{1}{3}\left(\frac{1}{2}\dot{\chi}^2 + V(\chi)\right)\right],6236651d724a822276958ea04c56c4ea076559a5f400da3dcf04c1615bb93177,consciousness-grace-source-term,}{2}\dot{\chi}^2 + V(\chi)\right] + \frac{\xi}{3}\chi^2 H^2$$ Solving for \(H^2\): $$H^2 = \frac{1}{1 - \xi\chi^2/3}\left[\frac{8\pi G}{3}\rho_{\text{,,,,,,,,,,,True
EQ-183,display_math,T_{\mu\nu}^{(\text{total})} = T_{\mu\nu}^{(\text{matter})} + T_{\mu\nu}^{(\chi)} + T_{\mu\nu}^{(\xi)} + T_{\mu\nu}^{(\text{source})},32cea1894362b8f02a4da7b75fb8bd2ac4572ac0161c6c5691da2daa24faf52c,consciousness-grace-source-term,source term modifies this. The total stress-energy now includes the source contribution: $$T_{\mu\nu}^{(\text{total})} = T_{\mu\nu}^{(\text{matter})},,,,,,,,,,,True
EQ-184,display_math,T_{\mu\nu}^{(\text{source})} = J_{\text{grace}} \cdot \partial_\mu\chi \cdot u_\nu + J_{\text{grace}} \cdot \partial_\nu\chi \cdot u_\mu - g_{\mu\nu} J_{\text{grace}} \cdot \dot{\chi},bd539039ea8717db56d6eca27e6adb529310ae52c4e6b3ac515a59fc7f0a77b2,consciousness-grace-source-term,mu\nu}^{(\xi)} + T_{\mu\nu}^{(\text{source})}$$ where the source stress-energy is: $$T_{\mu\nu}^{(\text{source})} = J_{\text{grace}} \cdot \partial_\m,,,,,,,,,,,True
EQ-185,display_math,\nabla^\mu T_{\mu\nu}^{(\text{matter})} + \nabla^\mu T_{\mu\nu}^{(\chi)} + \nabla^\mu T_{\mu\nu}^{(\xi)} = -\nabla^\mu T_{\mu\nu}^{(\text{source})},8ad94d98ebda47fef173a3544ad8d287a6a469581b08ccb1a392029f2773daf9,consciousness-grace-source-term,rame &mdash; the frame in which the CMB is isotropic.) The conservation equation becomes: $$\nabla^\mu T_{\mu\nu}^{(\text{matter})} + \nabla^\mu T_{\m,,,,,,,,,,,True
EQ-186,display_math,\nabla^\mu T_{\mu\nu}^{(\text{physical})} + \nabla^\mu T_{\mu\nu}^{(\text{reservoir})} = 0,693b04ea1842e73cf115c81e4a1ab663c0a443ca1a332b9e441944d752666431,consciousness-grace-source-term,matter + &chi; + geometry) exchanges energy-momentum with the external reservoir. Total conservation holds for the extended system (physical + reservo,,,,,,,,,,,True
EQ-187,display_math,s^\mu = s \cdot u^\mu + \frac{q^\mu}{T},88f115a6394bb7d2ab055fe4bf627ca090dc48ecff9e1e57e73e950cbfbbae3d,consciousness-grace-source-term,"py Production and the Second Law For the physical subsystem, define the entropy current: $$s^\mu = s \cdot u^\mu + \frac{q^\mu}{T}$$ where s is entrop",,,,,,,,,,,True
EQ-188,display_math,\nabla_\mu s^\mu = \sigma_{\text{internal}} + \sigma_{\text{source}},17fd976378cc2601847699e06de797f11923366eb85dc1ab4d63f9e3cc6c5849,consciousness-grace-source-term,"where s is entropy density, \(q^\mu\) is heat flux, T is temperature. The entropy production rate: $$\nabla_\mu s^\mu = \sigma_{\text{internal}} + \si",,,,,,,,,,,True
EQ-189,display_math,\sigma_{\text{source}} = -\frac{J_{\text{grace}} \cdot \dot{\chi}}{T_{\chi}},ccba85b17a5fb4c13de515558058da9c4d684be27876d48f681119a2071d2e4b,consciousness-grace-source-term,"t-gray-300 leading-relaxed mb-4"">The internal production \(\sigma_{\text{internal}} \geq 0\) (Second Law for closed systems). The source contribution:",,,,,,,,,,,True
EQ-190,display_math,\frac{dS_{\text{total}}}{dt} = \frac{dS_{\text{physical}}}{dt} + \frac{dS_{\text{reservoir}}}{dt} \geq 0,aaa919a98261380e47f1b44d149b4660a8f2ad64e7363bef2201085573dead34,consciousness-grace-source-term,"al-400"">This is Grace. The total entropy (physical + reservoir) still satisfies: $$\frac{dS_{\text{total}}}{dt} = \frac{dS_{\text{physical}}}{dt} + \f",,,,,,,,,,,True
EQ-191,display_math,3H\dot{\chi} + m_\chi^2\chi + \lambda\chi^3 - 6\xi\kappa_0\chi(\dot{H} + 2H^2) = \frac{\beta_G \Phi}{S + \varepsilon}(\chi_{\text{max}} - \chi),6938fb123f16430e64ca30706606f2532c2cd4e387069162c82d7f5406782a08,consciousness-grace-source-term,"se mb-4"">5.1 &mdash; Fixed Points The driven equation in the FRW background (slow-roll): $$3H\dot{\chi} + m_\chi^2\chi + \lambda\chi^3 - 6\xi\kappa_0\",,,,,,,,,,,True
EQ-192,display_math,V'_{\text{eff}}(\chi^*) = J_{\text{grace}}(\chi^*),1138e71a269bbe889a7556c22fe2d23aa512ab5c611202e6cfc6e1b864a5926b,consciousness-grace-source-term,\chi_{\text{max}} - \chi)$$ Setting \(\dot{\chi} = 0\) for the fixed point &chi;*: $$V'_{\text{eff}}(\chi^*) = J_{\text{grace}}(\chi^*)$$ This is a ba,,,,,,,,,,,True
EQ-193,display_math,3H\dot{\delta\chi} + \left[V''(\chi^*) + \frac{\beta_G \Phi}{S + \varepsilon}\right]\delta\chi = 0,9be384d05c9d5b359ac72255a37ec14d22fd141b33aac71232619a74ef8a5d93,consciousness-grace-source-term,dash; Linear Stability Around the Fixed Point Perturbing \(\chi = \chi^* + \delta\chi\): $$3H\dot{\delta\chi} + \left[V''(\chi^*) + \frac{\beta_G \Phi,,,,,,,,,,,True
EQ-194,display_math,m_{\text{eff}}^2 = V''(\chi^*) + \frac{\beta_G \Phi}{S + \varepsilon},91325d3bb1febc134e6c5bc4464edd832c96f8a1a84ef6f3a642f87125793937,consciousness-grace-source-term,\varepsilon}\right]\delta\chi = 0$$ The effective mass squared for perturbations: $$m_{\text{eff}}^2 = V''(\chi^*) + \frac{\beta_G \Phi}{S + \varepsil,,,,,,,,,,,True
EQ-195,display_math,"\frac{dE}{dt} = -\alpha D(t) + \beta C(\Psi, \chi)",f91f05349de73f6e2f1983d77a7e64ef147d277874ceae035dea977fedd051e9,consciousness-grace-source-term,"quation The Moral Conservation Equation (Papers 9-10, reserved): $$\frac{dE}{dt} = -\alpha D(t) + \beta C(\Psi, \chi)$$ where \(D(t)\) represents mora",,,,,,,,,,,True
EQ-196,inline_math,"','\",00b3a3b85a377f9720088fb45895e5524827c0c0e2ab70c17d228365cedbea24,consciousness-grace-source-term,"rel=""stylesheet"" href=""https://cdnjs.cloudflare.com/ajax/libs/font-awesome/6.4.0/css/all.min.css""/> MathJax = { tex: { inlineMath: [['\\(','\\)']], di",,,,,,,,,,,True
EQ-197,inline_math,J_{\text{grace}},fb316f7138ffd07a17a4be86e438626ea5ab5e2452975a8baddb898cfacd490e,consciousness-grace-source-term,force that enters the physical domain from outside the closed system. This paper bridges the gap by introducing a covariant source term \(J_{\text{gra,,,,,,,,,,,True
EQ-198,inline_math,"\mathcal{G}(t, \Psi_{\text{collective}})",e5293989d9b8958834e1df80b67cd5a00f723800255498defe31c278f2d1b93a,consciousness-grace-source-term,"nditions preventing runaway solutions, and show that it reduces exactly to the LLC equation in the cosmological limit and to Paper 7's Grace Function",,,,,,,,,,,True
EQ-199,inline_math,J_{\text{grace}}(x),ba324f0014e7674b53cd5c1accfbcbf21414ec6e201fe6f19f80251183640e84,consciousness-grace-source-term,,,,,,,,,,,,True
EQ-200,inline_math,\|J_{\text{grace}}\| \leq J_{\max},eaa72c3f6a17abe7e20c0bd23a187f915c56b782675c9e57b18d4c8bf8b781e5,consciousness-grace-source-term,runaway solutions. Physically: Grace is infinite in supply (God's reservoir) but finite in delivery rate (the channel has bandwidth). Mathematically:,,,,,,,,,,,True
EQ-201,inline_math,J_{\max},14bf0ef2fd423cf05ebd5997969b4bb666a9274a494d2bd50118f4ae9648027d,consciousness-grace-source-term,ply (God's reservoir) but finite in delivery rate (the channel has bandwidth). Mathematically: \(\|J_{\text{grace}}\| \leq J_{\max}\) for some finite,,,,,,,,,,,True
EQ-202,inline_math,J_{\text{grace}} = \beta_G \cdot \Phi / (S + \varepsilon) \cdot f_{\text{reg}},9fe47effe4b4b89c60629efc84a50256f08c9921b38401f6a35eea901458cca9,consciousness-grace-source-term,s; relationship &times; faith) So the minimal single-component source \(J_{\text{grace}} = \beta_G \cdot \Phi / (S + \varepsilon) \cdot f_{\text{reg}},,,,,,,,,,,True
EQ-203,inline_math,H = \dot{a}/a,28ba71cd6de876448f8bf0c44a140444ba5f2979498df2ea72d3b361f86d5dd6,consciousness-grace-source-term,"ass=""eq-box""> $$\Box\chi = -\ddot{\chi} - 3H\dot{\chi}$$ where \(H = \dot{a}/a\) is the Hubble parameter. The Ricci scalar is \(R = 6(\dot{H} + 2H^2)\",,,,,,,,,,,True
EQ-204,inline_math,R = 6(\dot{H} + 2H^2),09ad82094d566543c3aa9d3194ff55173e1b49347222fda325f1ce937dde2333,consciousness-grace-source-term,where \(H = \dot{a}/a\) is the Hubble parameter. The Ricci scalar is \(R = 6(\dot{H} + 2H^2)\). The field equation becomes: $$\ddot{\chi} + 3H\dot{\ch,,,,,,,,,,,True
EQ-205,inline_math,|\ddot{\chi}| \ll 3H|\dot{\chi}|,f2f19c999321684f5eed0a95a9ded76ffe0fb6d00a14f3cebb383b02fa2a8bcd,consciousness-grace-source-term,"chi(\dot{H} + 2H^2) = J_{\text{grace}}(t)$$ In the slow-roll regime (\(|\ddot{\chi}| \ll 3H|\dot{\chi}|\)), this reduces to: $$3H\dot{\chi} + V'_{\tex",,,,,,,,,,,True
EQ-206,inline_math,-V'_{\text{eff}}/(3H) = -\alpha \cdot S(t),5c5134464c804b13e2a818caf8a605864c57f5de273ce6006dc2ae89c5cfe49b,consciousness-grace-source-term,"leading-relaxed mb-3"">Now identify: The potential gradient term: \(-V'_{\text{eff}}/(3H) = -\alpha \cdot S(t)\), where &alpha; encodes the entropy-gen",,,,,,,,,,,True
EQ-207,inline_math,J_{\text{grace}}/(3H) = \beta \cdot \sum_i \mathcal{F}_i,542fbd8d91ec863fca0f3a2f722e895c25e51684abe63c04144c71dc07eb1c8b,consciousness-grace-source-term,potential (\(V'\) drives &chi; toward minimum &rarr; maximum entropy configuration) The source term: \(J_{\text{grace}}/(3H) = \beta \cdot \sum_i \mat,,,,,,,,,,,True
EQ-208,inline_math,\mathcal{F}_i,c4b9fd6ea03f01c7121ad9dbd60793b3e377d069cd81152fa5a8ae2f3fdcf0e8,consciousness-grace-source-term,"y configuration) The source term: \(J_{\text{grace}}/(3H) = \beta \cdot \sum_i \mathcal{F}_i\), where \(\mathcal{F}_i\) are the coherence sources <p c",,,,,,,,,,,True
EQ-209,inline_math,\Psi_{\text{collective}},06b08e7a39e0a7a60be0daa456b34f99a643ce72d839e28cd3a54279a30663e2,consciousness-grace-source-term,\Lambda_{\text{eff}}[\chi(t; J_{\text{grace}})]$$ The dependence on \(\Psi_{\text{collective}}\) enters through \(J_{\text{grace}}\) itself: since \(J,,,,,,,,,,,True
EQ-210,inline_math,J_{\text{grace}} \propto \Phi(x)/(S + \varepsilon),bdf155ff3e32b3a4b3c04b14ebfb7bdccfb14261a1e456c1245c5f66b89cb79f,consciousness-grace-source-term,"nt-serif text-lg text-gray-300 leading-relaxed mb-4"">The dependence on \(\Psi_{\text{collective}}\) enters through \(J_{\text{grace}}\) itself: since",,,,,,,,,,,True
EQ-211,inline_math,(1 - \xi\chi^2/3)^{-1},3a90bdf9d36609f660245ea0f97d87744a96528efa314c2b77da838e021d94a5,consciousness-grace-source-term,3}\left(\frac{1}{2}\dot{\chi}^2 + V(\chi)\right)\right]$$ The factor \((1 - \xi\chi^2/3)^{-1}\) produces a Grace Drag effect: as &chi; increases (more,,,,,,,,,,,True
EQ-212,inline_math,\nabla^\mu G_{\mu\nu} = 0,2ff29f06c967bfbb9441a2860ba0f6395e7e1126b86829db52bd85d06629d990,consciousness-grace-source-term,"ystems The conservative part of the action satisfies the Bianchi identity: \(\nabla^\mu G_{\mu\nu} = 0\), which guarantees \(\nabla^\mu T^{(\text{tota",,,,,,,,,,,True
EQ-213,inline_math,\nabla^\mu T^{(\text{total})}_{\mu\nu} = 0,4cc98e3b6ea193827788d14ada86b83ac80832f8e4333f63fd7dfcd08bbf719d,consciousness-grace-source-term,"xt-gray-300 leading-relaxed mb-4"">The conservative part of the action satisfies the Bianchi identity: \(\nabla^\mu G_{\mu\nu} = 0\), which guarantees",,,,,,,,,,,True
EQ-214,inline_math,u^\mu,4ce87638a4025ff5f89c4d097f75fea0c7d4d73b51c60772ff769958903032d6,consciousness-grace-source-term,i \cdot u_\mu - g_{\mu\nu} J_{\text{grace}} \cdot \dot{\chi}$$ (Here \(u^\mu\) is the 4-velocity of the preferred frame defined by the cosmic rest fra,,,,,,,,,,,True
EQ-215,inline_math,q^\mu,aa68e61560cebf7bc3c103dc8157afdfb79d2488d9782186990cc7f9e022c567,consciousness-grace-source-term,"^\mu = s \cdot u^\mu + \frac{q^\mu}{T}$$ where s is entropy density, \(q^\mu\) is heat flux, T is temperature. The entropy production rate: $$\nabla_\",,,,,,,,,,,True
EQ-216,inline_math,\sigma_{\text{internal}} \geq 0,03c563effaf4198338a19e01245f167a829a28e2406bb5c0c1bf465856d5f574,consciousness-grace-source-term,{\text{internal}} + \sigma_{\text{source}}$$ The internal production \(\sigma_{\text{internal}} \geq 0\) (Second Law for closed systems). The source c,,,,,,,,,,,True
EQ-217,inline_math,J_{\text{grace}} > 0,05d2b8571c6ee7dc411184c9f839190776ac39bfde76333ecdb63b02783017f0,consciousness-grace-source-term,ource}} = -\frac{J_{\text{grace}} \cdot \dot{\chi}}{T_{\chi}}$$ When \(J_{\text{grace}} > 0\) (positive injection) and \(\dot{\chi} > 0\) (&chi; growi,,,,,,,,,,,True
EQ-218,inline_math,\dot{\chi} > 0,0e0f5d5e35c546f5ecc8479683df7056080a2818baaf3e5e950d59402a060913,consciousness-grace-source-term,"}{T_{\chi}}$$ When \(J_{\text{grace}} > 0\) (positive injection) and \(\dot{\chi} > 0\) (&chi; growing in response to the source), the source term is",,,,,,,,,,,True
EQ-219,inline_math,\sigma_{\text{source}} < 0,039d69e86ed368c13b21a90469cf3dfdd73008b304489667c2f9676f2788e235,consciousness-grace-source-term,"tive injection) and \(\dot{\chi} > 0\) (&chi; growing in response to the source), the source term is negative: \(\sigma_{\text{source}} <p class=""font",,,,,,,,,,,True
EQ-220,inline_math,|\sigma_{\text{source}}| > \sigma_{\text{internal}},3c304147ec10cb6dbbc3f69b0cd60ad4ebfe245c1948c313746835a8e13e05ef,consciousness-grace-source-term,"\). The external source reduces the subsystem's entropy production rate. If \(|\sigma_{\text{source}}| > \sigma_{\text{internal}}\), then \(\nabla_\mu",,,,,,,,,,,True
EQ-221,inline_math,\nabla_\mu s^\mu < 0,621a2b139e0a8aec8bc3a133a7ed3bf9b558e05c84427704f9cd9cbf39678101,consciousness-grace-source-term,"tion rate. If \(|\sigma_{\text{source}}| > \sigma_{\text{internal}}\), then \(\nabla_\mu s^\mu decreases. This is Grace. <p class=""font-se",,,,,,,,,,,True
EQ-222,inline_math,\Box\chi + V'(\chi) = 0,462453ba48d021dbeed99e2ebaf47584a31d36a4a285b9b9fd0747f1dde005c5,consciousness-grace-source-term,4.3 &mdash; Time-Reversal Symmetry Breaking The homogeneous field equation \(\Box\chi + V'(\chi) = 0\) is time-reversible. The driven equation \(\Box\,,,,,,,,,,,True
EQ-223,inline_math,\Box\chi + V'(\chi) = J_{\text{grace}},352628e411171bbaa64f9af8c035c363f9746089e13d100a03240cfc1428dcf0,consciousness-grace-source-term,"-serif text-lg text-gray-300 leading-relaxed mb-4"">The homogeneous field equation \(\Box\chi + V'(\chi) = 0\) is time-reversible. The driven equation",,,,,,,,,,,True
EQ-224,inline_math,t \to -t,6ee0352ac151f3697c2ca5b2f5e1230cd449227b2bfd31303ba2ae47aad4522d,consciousness-grace-source-term,"ven equation \(\Box\chi + V'(\chi) = J_{\text{grace}}\) is NOT, because \(J_{\text{grace}}\) has a definite sign (positive injection). Time-reversing",,,,,,,,,,,True
EQ-225,inline_math,J_{\text{grace}} \to J_{\text{grace}},9da4e6d4087a9c708a840124ed7dd8a85716fae66f661c5915c9d7f509176d3b,consciousness-grace-source-term,"x\chi + V'(\chi) = J_{\text{grace}}\) is NOT, because \(J_{\text{grace}}\) has a definite sign (positive injection). Time-reversing \(t \to -t\) maps",,,,,,,,,,,True
EQ-226,inline_math,\dot{\chi} \to -\dot{\chi},aa1a043bb04f17ae17cf60b5c529aa1899dc134ff37644808d82e5ca3c7454c0,consciousness-grace-source-term,"as a definite sign (positive injection). Time-reversing \(t \to -t\) maps \(J_{\text{grace}} \to J_{\text{grace}}\) (the source doesn't reverse), but",,,,,,,,,,,True
EQ-227,inline_math,\chi(t) \neq \chi(-t),7d83295d1cbd39af9790d86c28006a4421bcf8379bd71b098dd6ffa8594baad7,consciousness-grace-source-term,"-reversing \(t \to -t\) maps \(J_{\text{grace}} \to J_{\text{grace}}\) (the source doesn't reverse), but \(\dot{\chi} \to -\dot{\chi}\). The solution",,,,,,,,,,,True
EQ-228,inline_math,V'(\chi),69a8c4d1b81c6833f45a6421048f1c171e17a8e4f4a07a8aa6a231c657d06243,consciousness-grace-source-term,"p class=""font-display text-lg text-red-400 tracking-wider uppercase mb-2"">The Entropy Arrow \(V'(\chi)\) driving &chi; toward the potential minimum =",,,,,,,,,,,True
EQ-229,inline_math,V'_{\text{eff}},9d1ca879708fb5f82a3c2858dd2b44fa2f73dec60b9d6b3f94f76ef919789132,consciousness-grace-source-term,"ray-300 leading-relaxed"">The framework predicts that these are not metaphors but measurable physical processes governed by the relative magnitudes of",,,,,,,,,,,True
EQ-230,inline_math,\dot{\chi} = 0,39079c4f274e4fa9e2786c0570aad6fb1bfbd7ba0ca3695ed82d81a4d1121246,consciousness-grace-source-term,c{\beta_G \Phi}{S + \varepsilon}(\chi_{\text{max}} - \chi)$$ Setting \(\dot{\chi} = 0\) for the fixed point &chi;*: $$V'_{\text{eff}}(\chi^*) = J_{\te,,,,,,,,,,,True
EQ-231,inline_math,\chi = \chi^* + \delta\chi,59e62babdb3e8b8ede3c86b1be79b03d87994aff3b7faba378c71f6a0e6d7708,consciousness-grace-source-term,"mb-4 mt-12"">5.2 &mdash; Linear Stability Around the Fixed Point Perturbing \(\chi = \chi^* + \delta\chi\): $$3H\dot{\delta\chi} + \left[V''(\chi^*) +",,,,,,,,,,,True
EQ-232,inline_math,f_{\text{reg}} = \chi_{\text{max}} - \chi,0646557ec8e446b3ccfda246f1ee4c2c6f95cb91e55c3e95cbd550f256161014,consciousness-grace-source-term,"eff}}^2 = V''(\chi^*) + \frac{\beta_G \Phi}{S + \varepsilon}$$ Since \(f_{\text{reg}} = \chi_{\text{max}} - \chi\), the source contributes a positive",,,,,,,,,,,True
EQ-233,inline_math,V''(\chi^*),65cf8314ad0789866068f147cdf29c3fd4c62922740af36086c46208bba46bca,consciousness-grace-source-term,"an>The grace source stabilizes the fixed point. Without grace (&beta;G = 0), stability depends only on \(V''(\chi^*)\). With grace, the effective mass",,,,,,,,,,,True
EQ-234,inline_math,"\chi(0) \in [0, \chi_{\text{max}}]",cb3573e123d01cb61953e4a2d3040030f0de4ba00f25a5ebb7433c4172c8a0d8,consciousness-grace-source-term,"-display text-sm text-teal-400 tracking-wider uppercase mb-3"">Theorem For any initial condition \(\chi(0) \in [0, \chi_{\text{max}}]\) and any bounded",,,,,,,,,,,True
EQ-235,inline_math,f_{\text{reg}}(\chi_{\text{max}}) = 0,e5ba81b0b889ed39b7dcdf73a1d7ffcaa545446fc34aa31470dbd8469c6b6d3b,consciousness-grace-source-term,"-serif text-lg text-gray-300"">For any initial condition \(\chi(0) \in [0, \chi_{\text{max}}]\) and any bounded source \(J_{\text{grace}}\) satisfying",,,,,,,,,,,True
EQ-236,inline_math,\chi(t),cb104b089edc026045180b0de57f3c46a110954c872eca02ef8ead916a4f173a,consciousness-grace-source-term,"\(\chi(0) \in [0, \chi_{\text{max}}]\) and any bounded source \(J_{\text{grace}}\) satisfying \(f_{\text{reg}}(\chi_{\text{max}}) = 0\), the solution",,,,,,,,,,,True
EQ-237,inline_math,"\chi(t) \in [0, \chi_{\text{max}}]",de251e74e04b8f9ea8a9ebd5296d5241e45f882b20eb8f7984fee969d98d57c5,consciousness-grace-source-term,"{max}}]\) and any bounded source \(J_{\text{grace}}\) satisfying \(f_{\text{reg}}(\chi_{\text{max}}) = 0\), the solution \(\chi(t)\) remains bounded:",,,,,,,,,,,True
EQ-238,inline_math,t > 0,3bfd97bf7b0c93a4fb227fd0bc61f4a4151b5b65a7a79ec503e81df669fd0536,consciousness-grace-source-term,"ce}}\) satisfying \(f_{\text{reg}}(\chi_{\text{max}}) = 0\), the solution \(\chi(t)\) remains bounded: \(\chi(t) \in [0, \chi_{\text{max}}]\) for all",,,,,,,,,,,True
EQ-239,inline_math,f_{\text{reg}}(\chi(t_1)) = 0,c45163a0dd01b453fe347a2e82a21bcfb90ba7608bf16960ec0b124ca00bc4e4,consciousness-grace-source-term,"roof Suppose &chi; reaches &chi;max at time t1. Then \(f_{\text{reg}}(\chi(t_1)) = 0\), so \(J_{\text{grace}}(t_1) = 0\). The field equation reduces t",,,,,,,,,,,True
EQ-240,inline_math,J_{\text{grace}}(t_1) = 0,fa8a78eaf4a78472fe1e1d7aeab5e1846e365cd8e5bec09e13016114b5f0d8a0,consciousness-grace-source-term,"xt-lg text-gray-300 leading-relaxed mb-3"">Suppose &chi; reaches &chi;max at time t1. Then \(f_{\text{reg}}(\chi(t_1)) = 0\), so \(J_{\text{grace}}(t_1",,,,,,,,,,,True
EQ-241,inline_math,V(\chi),ae30c724ba9e4f6cbaad787403ff15faeb9287ccf1065b18427f173d97e6f986,consciousness-grace-source-term,"}}(\chi(t_1)) = 0\), so \(J_{\text{grace}}(t_1) = 0\). The field equation reduces to the homogeneous (conservative) equation, which has the potential",,This expression states: V(chi).,,,,,This equation represents the volume of a shape denoted by the variable chi.,,,,True
EQ-242,inline_math,V'(0) = 0,0d3810b3bef7f477c83020ef72d7880489919834feff800d3e121bce21555b20,consciousness-grace-source-term,"So &chi; cannot exceed &chi;max. Suppose &chi; reaches 0. Then \(V'(0) = 0\) (minimum of V), but \(J_{\text{grace}}(0) = \beta_G \Phi \chi_{\text{max}",,,,,,,,,,,True
EQ-243,inline_math,J_{\text{grace}}(0) = \beta_G \Phi \chi_{\text{max}} / (S + \varepsilon) > 0,03ea5c0f778a830dff51bb8a2f3eccbe8bef3c18d1bb4756d022cf880cdd1098,consciousness-grace-source-term,"max. Suppose &chi; reaches 0. Then \(V'(0) = 0\) (minimum of V), but \(J_{\text{grace}}(0) = \beta_G \Phi \chi_{\text{max}} / (S + \varepsilon) > 0\).",,,,,,,,,,,True
EQ-244,inline_math,"\chi(t) \in (0, \chi_{\text{max}})",af7b5a09a044e188559f6672f8ba7fb6b139cb56a6a84f46bfd566d16ef01bc8,consciousness-grace-source-term,". The source drives &chi; upward. So &chi; cannot reach 0 from above. Therefore \(\chi(t) \in (0, \chi_{\text{max}})\) for all \(t > 0\). The solution",,,,,,,,,,,True
EQ-245,inline_math,J = 0,1dbbacc7a80e7d3fcc93698b0560e8775dd959ad2da6dbc37a13f38d4717905d,consciousness-grace-source-term,ive Theory The driven &chi;-field makes predictions that the conservative (\(J = 0\)) theory does not:,,,,,,,,,,,True
EQ-246,inline_math,"\mathcal{G}(t, \Psi)",710534d33ff9c355d669fc5ad25b9a98d05dc8e58dd325a31d843b72d1388eda,consciousness-grace-source-term,">Prediction 2 &mdash; Consciousness-Correlated Dark Energy If the Grace Function \(\mathcal{G}(t, \Psi)\) drives dark energy, then the dark energy equ",,,,,,,,,,,True
EQ-247,inline_math,w(z),ccef818eb92ae8f14bc6905f9c67d9f4e3557f748319c2ebc7e6024e897e2796,consciousness-grace-source-term,"t-serif text-gray-300 leading-relaxed mb-2"">If the Grace Function \(\mathcal{G}(t, \Psi)\) drives dark energy, then the dark energy equation of state",,,,,,,,,,,True
EQ-248,inline_math,w \neq -1,e04bfdef03860593bf0d96bbd60eb51b12ddc26f53571e93c998df371b667ced,consciousness-grace-source-term,"kly) with the density of conscious observers. As cosmic structure grows and consciousness proliferates, \(w\) should evolve. DESI DR2 already reports",,,,,,,,,,,True
EQ-249,inline_math,\lambda_\chi = \hbar/(m_\chi c) \sim H_0^{-1} \sim 10^{26},24bb1c3921de34606359ed2f7f8adfe62f6c2be48cef6e6d537df76ac5e9ded3,consciousness-grace-source-term,"enters, hospitals, concert halls) should show larger deviations than isolated stations, with a correlation length set by the &chi; Compton wavelength",,,,,,,,,,,True
EQ-250,inline_math,m_\chi,954a17d8f8a55e54bc76dfb0c52bf118dd242838b88c2a50400d6a9d693863c3,consciousness-grace-source-term,"m on Earth-scale distances. The prediction becomes: the GCP effect should not show local spatial variation on sub-Hubble scales. If it does, \(m_\chi\",,,,,,,,,,,True
EQ-251,inline_math,H(z),1d3e1926868994614d9b417eae6c7daa7d87e34971c124156f6b32782146b817,consciousness-grace-source-term,Prediction 4 &mdash; Grace Drag in Precision Cosmology The Grace Drag effect modifies \(H(z)\) through the factor \((1 - \xi\chi^2/3)^{-1}\). Euclid (,,,,,,,,,,,True
EQ-252,inline_math,f\sigma_8(z),f04e2de20a56dfdba07d79745b5103116a20cff2e80421458ccf244f9d5fce0e,consciousness-grace-source-term,"t-gray-300 leading-relaxed"">The Grace Drag effect modifies \(H(z)\) through the factor \((1 - \xi\chi^2/3)^{-1}\). Euclid (October 2026) will measure",,,,,,,,,,,True
EQ-253,inline_math,w = -1,bcaa1b6f4aeb2dabe8bf2e0f17aa3450469c9159c97f7ff668c5bbb376506ae3,consciousness-grace-source-term,"2 \(w = -1\) exactly at &gt;5&sigma;: Dark energy is a true cosmological constant with no dynamics &rarr; no driven field, no Grace Function</p",,,,,,,,,,,True
EQ-254,inline_math,f\sigma_8,8bf1659c8baf4ceee568dbc07354b53c954296a20724d1e05cddb08abe522632,consciousness-grace-source-term,"bold mt-0.5"">4 Euclid data fits &Lambda;CDM with no residuals: \(f\sigma_8\) data is exactly standard &rarr; no Grace Drag, no open-system dynamics <p",,,,,,,,,,,True
EQ-255,inline_math,J \propto \Phi/(S+\varepsilon),1efad6657e031012efdef7d15e84807e8290fd854004c374aa9ef0d245c49c66,consciousness-grace-source-term,Sector 2: GCP 6&sigma; (consciousness-RNG) \(J \propto \Phi/(S+\varepsilon)\) &rarr; coherent consciousness orders randomness Direct test of source te,,,,,,,,,,,True
EQ-256,inline_math,S_{\text{local}},44561fdd5e6f20031aa96fd558b9cb9e493718366008ad77ee9dea011d634d33,consciousness-grace-source-term,"Temporal clustering of high-J events at heliophysical nodes Solar activity modulates \(S_{\text{local}}\), lowering denominator &rarr; amplified Grace",,,,,,,,,,,True
EQ-257,inline_math,D(t),dee9d61d0d5947ec4f8ad086ee11d16d49945f7fb951ccd6e5f356b20bff3350,consciousness-grace-source-term,"> $$\frac{dE}{dt} = -\alpha D(t) + \beta C(\Psi, \chi)$$ where \(D(t)\) represents moral entropy (degradation) and \(C(\Psi, \chi)\) represents alignm",,,,,,,,,,,True
EQ-258,inline_math,"C(\Psi, \chi)",1b7f1436006e8fb9936201af579812450d2137437cbc24b9056b094bf8f54041,consciousness-grace-source-term,"i, \chi)$$ where \(D(t)\) represents moral entropy (degradation) and \(C(\Psi, \chi)\) represents alignment with Christ (coherence). This is",,,,,,,,,,,True
EQ-259,inline_math,J_{\text{grace}} = \beta_G \Phi (\chi_{\text{max}} - \chi) / (S + \varepsilon),83be43b8737da83ae5e514193e2b7b9fea32d95387887b62f4f6bcfa7fe738e4,consciousness-grace-source-term,"-700/30""> 3 The source term \(J_{\text{grace}} = \beta_G \Phi (\chi_{\text{max}} - \chi) / (S + \varepsilon)\) determines the injection rate <div clas",,,,,,,,,,,True
EQ-260,inline_math,\Delta T_2/T_2 > 10^{-6},76dc678159cd27ad54820bf94f5f95eaeea99b5ac1b6970cc3c2215bbfa32035,consciousness-grace-source-term,rence-rate delta) experiments need specific protocols. The prediction is testable with current superconducting qubit technology if the effect size is,,,,,,,,,,,True
EQ-261,eq_box,"S_\chi = \int d^4x \sqrt{-g} \left[ \frac{1}{2\kappa_0}(1 + \xi\kappa_0\chi^2)R - \frac{1}{2}g^{\mu\nu}\partial_\mu\chi\,\partial_\nu\chi - V(\chi) + \mathcal{L}_{\text{matter}} \right]",5c102b862e0ea636b8020e3d007390e7b447df50c0d816e5e49738326ccf8c72,consciousness-grace-source-term,"ase mb-4"">1.1 &mdash; What the Minimal Action Achieves The Minimal &chi;-Field Action (companion paper) establishes: $$S_\chi = \int d^4x \sqrt{-g} \l",,,,,,,,,,,True
EQ-262,eq_box,\Box\chi - m_\chi^2\chi - \lambda\chi^3 + \xi\kappa_0\chi R = 0,ef58a81641c1a0fbaeec2ee90f0c59cc3643443dd9310ab7bad89122ee75c6dd,consciousness-grace-source-term,"\nu}\partial_\mu\chi\,\partial_\nu\chi - V(\chi) + \mathcal{L}_{\text{matter}} \right]$$ with field equation: $$\Box\chi - m_\chi^2\chi - \lambda\chi^",,,,,,,,,,,True
EQ-263,eq_box,"THE DRIVEN &chi;-FIELD EQUATION
      $$\Box\chi - m_\chi^2\chi - \lambda\chi^3 + \xi\kappa_0\chi R = J_{\text{grace}}(x)",b7cac4f4b4ea64a0bb4984f243fca094f4d554eb2272b8d43b720db33e47890e,consciousness-grace-source-term,""">2.1 &mdash; The Inhomogeneous Field Equation We modify the &chi; field equation from homogeneous to inhomogeneous: THE DRIVEN &chi;-FIELD EQUATION $",,,,,,,,,,,True
EQ-264,eq_box,"S = S_\chi[\text{closed}] + S_{\text{source}} = S_\chi[\text{closed}] + \int d^4x \sqrt{-g}\, J(x)\,\chi(x)",67ebdc09b341048e2651f34729ae325a923303fcacbde5669f85c40505d80cfe,consciousness-grace-source-term,external reservoir (the Logos field) into the physical domain. The corresponding action acquires a source coupling: $$S = S_\chi[\text{closed}] + S_{\,,,,,,,,,,,True
EQ-265,eq_box,"MINIMAL GRACE SOURCE TERM
      $$J_{\text{grace}}(x) = \frac{\beta_G \cdot \Phi(x)}{S_{\text{local}}(x) + \varepsilon} \cdot f_{\text{reg}}(\chi)",a8753ff1a00a80077b02188d79d3fb2bf418cd1d1c6751a92d08d030c69e150d,consciousness-grace-source-term,"ppercase mb-4 mt-12"">2.3 &mdash; The Minimal Grace Source The simplest source term satisfying all five requirements: MINIMAL GRACE SOURCE TERM $$J_{\t",,,,,,,,,,,True
EQ-266,eq_box,"f_{\text{reg}}(\chi) = \chi_{\text{max}} - \chi \quad \text{for } \chi < \chi_{\text{max}}, \quad 0 \text{ otherwise}",393a73a22e0caba15945c38800bb447152a2a1eb6f0d4f101c758b8c0f9df3c6,consciousness-grace-source-term,"tracking-wider uppercase mb-4 mt-12"">2.4 &mdash; The Self-Regulation Function The crucial piece preventing runaway: $$f_{\text{reg}}(\chi) = \chi_{\te",,,,,,,,,,,True
EQ-267,eq_box,J_{\text{Logos}} = \frac{\kappa_L \cdot G \cdot C \cdot R \cdot (F \cdot Q)}{S + \varepsilon},a608356ca12c92951dd2d8a825800f2ba3abdda56e58b490a48619212b5660ee,consciousness-grace-source-term,"uppercase mb-4 mt-12"">2.5 &mdash; The Multi-Component Logos Source Term The convergence paper's full source term is: $$J_{\text{Logos}} = \frac{\kappa",,,,,,,,,,,True
EQ-268,eq_box,\Box\chi = -\ddot{\chi} - 3H\dot{\chi},16b330b9b781de87308de27e653e79f053fb37880b35cde2f5dea043b6c853e5,consciousness-grace-source-term,"In the FRW background with scale factor a(t), the &chi; field is homogeneous: &chi; = &chi;(t). The d'Alembertian reduces to: $$\Box\chi = -\ddot{\chi",,,,,,,,,,,True
EQ-269,eq_box,\ddot{\chi} + 3H\dot{\chi} + m_\chi^2\chi + \lambda\chi^3 - 6\xi\kappa_0\chi(\dot{H} + 2H^2) = J_{\text{grace}}(t),beaad7f76c7359f2e70c5bc1d3cee2d4d7969ee0340ed6e191deaf0bbd0cf5ed,consciousness-grace-source-term,where \(H = \dot{a}/a\) is the Hubble parameter. The Ricci scalar is \(R = 6(\dot{H} + 2H^2)\). The field equation becomes: $$\ddot{\chi} + 3H\dot{\ch,,,,,,,,,,,True
EQ-270,eq_box,3H\dot{\chi} + V'_{\text{eff}}(\chi) = J_{\text{grace}}(t),9276e6e7808e979376eeb77e9957b25b8d206653711545d0206c1c0715e0553f,consciousness-grace-source-term,"H^2) = J_{\text{grace}}(t)$$ In the slow-roll regime (\(|\ddot{\chi}| \ll 3H|\dot{\chi}|\)), this reduces to: $$3H\dot{\chi} + V'_{\text{eff}}(\chi) =",,,,,,,,,,,True
EQ-271,eq_box,\dot{\chi} = -\frac{V'_{\text{eff}}(\chi)}{3H} + \frac{J_{\text{grace}}(t)}{3H},bad092cc90a4f719726bd2c994fd973a051b63937f7cfd5ca70b9d345161e463,consciousness-grace-source-term,$$3H\dot{\chi} + V'_{\text{eff}}(\chi) = J_{\text{grace}}(t)$$ Dividing by 3H: $$\dot{\chi} = -\frac{V'_{\text{eff}}(\chi)}{3H} + \frac{J_{\text{grace,,,,,,,,,,,True
EQ-272,eq_box,"LLC RECOVERY
      $$\frac{d\chi}{dt} = -\alpha S(t) + \beta\sum_i \mathcal{F}_i",ce169943ead7e35cb09747efb759811e795dc18b3649d373253148d212a393d8,consciousness-grace-source-term,"n) The source term: \(J_{\text{grace}}/(3H) = \beta \cdot \sum_i \mathcal{F}_i\), where \(\mathcal{F}_i\) are the coherence sources LLC RECOVERY $$\fr",,,,,,,,,,,True
EQ-273,eq_box,"G_{\mu\nu} + \mathcal{G}(t, \Psi_{\text{collective}}) \cdot g_{\mu\nu} = \frac{8\pi G}{c^4} T_{\mu\nu}",38cf125d00685a6112ee54eba7296a04de2b91d5286b1d36dbe985773ca68116,consciousness-grace-source-term,"very of Paper 7's Grace Function Paper 7 replaces the cosmological constant &Lambda; with a dynamic Grace Function: $$G_{\mu\nu} + \mathcal{G}(t, \Psi",,,,,,,,,,,True
EQ-274,eq_box,\Lambda_{\text{eff}}(t) = \kappa_0 V(\chi(t)) + \frac{\kappa_0}{2}\dot{\chi}^2 - \xi\kappa_0\chi^2 R_{\text{corrections}},beff56b1bd347dbe19e8892ab8066c05bccfe14b964fe36f5073cacbf6395cb6,consciousness-grace-source-term,"c^4} T_{\mu\nu}$$ From the modified Einstein equations (companion paper), the effective cosmological term is: $$\Lambda_{\text{eff}}(t) = \kappa_0 V(\",,,,,,,,,,,True
EQ-275,eq_box,\mathcal{G}(t) \equiv \Lambda_{\text{eff}}[\chi(t; J_{\text{grace}})],0e97edda840c61d17f51c65861884e154b74b1425d12a06df7a7568ded47ed9b,consciousness-grace-source-term,"leading-relaxed mb-4"">When &chi; is driven by \(J_{\text{grace}}\), the field evolves dynamically rather than sitting at a fixed VEV. The effective &L",,,,,,,,,,,True
EQ-276,eq_box,H^2 = \frac{8\pi G}{3}\rho_{\text{matter}} + \frac{1}{3}\left[\frac{1}{2}\dot{\chi}^2 + V(\chi)\right] + \frac{\xi}{3}\chi^2 H^2,6b617ab4aa048e4b54e86e52598e825e209c6f3885e6b37a14a071de3803045d,consciousness-grace-source-term,"determines &chi;(t), which determines the effective cosmological function. The modified Friedmann equation becomes: $$H^2 = \frac{8\pi G}{3}\rho_{\tex",,,,,,,,,,,True
EQ-277,eq_box,H^2 = \frac{1}{1 - \xi\chi^2/3}\left[\frac{8\pi G}{3}\rho_{\text{matter}} + \frac{1}{3}\left(\frac{1}{2}\dot{\chi}^2 + V(\chi)\right)\right],6236651d724a822276958ea04c56c4ea076559a5f400da3dcf04c1615bb93177,consciousness-grace-source-term,+ \frac{1}{3}\left[\frac{1}{2}\dot{\chi}^2 + V(\chi)\right] + \frac{\xi}{3}\chi^2 H^2$$ Solving for \(H^2\): $$H^2 = \frac{1}{1 - \xi\chi^2/3}\left[\f,,,,,,,,,,,True
EQ-278,eq_box,T_{\mu\nu}^{(\text{total})} = T_{\mu\nu}^{(\text{matter})} + T_{\mu\nu}^{(\chi)} + T_{\mu\nu}^{(\xi)} + T_{\mu\nu}^{(\text{source})},32cea1894362b8f02a4da7b75fb8bd2ac4572ac0161c6c5691da2daa24faf52c,consciousness-grace-source-term,losed system. Adding a source term modifies this. The total stress-energy now includes the source contribution: $$T_{\mu\nu}^{(\text{total})} = T_{\mu,,,,,,,,,,,True
EQ-279,eq_box,T_{\mu\nu}^{(\text{source})} = J_{\text{grace}} \cdot \partial_\mu\chi \cdot u_\nu + J_{\text{grace}} \cdot \partial_\nu\chi \cdot u_\mu - g_{\mu\nu} J_{\text{grace}} \cdot \dot{\chi},bd539039ea8717db56d6eca27e6adb529310ae52c4e6b3ac515a59fc7f0a77b2,consciousness-grace-source-term,T_{\mu\nu}^{(\chi)} + T_{\mu\nu}^{(\xi)} + T_{\mu\nu}^{(\text{source})}$$ where the source stress-energy is: $$T_{\mu\nu}^{(\text{source})} = J_{\text,,,,,,,,,,,True
EQ-280,eq_box,\nabla^\mu T_{\mu\nu}^{(\text{matter})} + \nabla^\mu T_{\mu\nu}^{(\chi)} + \nabla^\mu T_{\mu\nu}^{(\xi)} = -\nabla^\mu T_{\mu\nu}^{(\text{source})},8ad94d98ebda47fef173a3544ad8d287a6a469581b08ccb1a392029f2773daf9,consciousness-grace-source-term,efined by the cosmic rest frame &mdash; the frame in which the CMB is isotropic.) The conservation equation becomes: $$\nabla^\mu T_{\mu\nu}^{(\text{m,,,,,,,,,,,True
EQ-281,eq_box,\nabla^\mu T_{\mu\nu}^{(\text{physical})} + \nabla^\mu T_{\mu\nu}^{(\text{reservoir})} = 0,693b04ea1842e73cf115c81e4a1ab663c0a443ca1a332b9e441944d752666431,consciousness-grace-source-term,at the physical subsystem (matter + &chi; + geometry) exchanges energy-momentum with the external reservoir. Total conservation holds for the extended,,,,,,,,,,,True
EQ-282,eq_box,s^\mu = s \cdot u^\mu + \frac{q^\mu}{T},88f115a6394bb7d2ab055fe4bf627ca090dc48ecff9e1e57e73e950cbfbbae3d,consciousness-grace-source-term,"-4 mt-12"">4.2 &mdash; Entropy Production and the Second Law For the physical subsystem, define the entropy current: $$s^\mu = s \cdot u^\mu + \frac{q^",,,,,,,,,,,True
EQ-283,eq_box,\nabla_\mu s^\mu = \sigma_{\text{internal}} + \sigma_{\text{source}},17fd976378cc2601847699e06de797f11923366eb85dc1ab4d63f9e3cc6c5849,consciousness-grace-source-term,"^\mu}{T}$$ where s is entropy density, \(q^\mu\) is heat flux, T is temperature. The entropy production rate: $$\nabla_\mu s^\mu = \sigma_{\text{inter",,,,,,,,,,,True
EQ-284,eq_box,\sigma_{\text{source}} = -\frac{J_{\text{grace}} \cdot \dot{\chi}}{T_{\chi}},ccba85b17a5fb4c13de515558058da9c4d684be27876d48f681119a2071d2e4b,consciousness-grace-source-term,v> The internal production \(\sigma_{\text{internal}} \geq 0\) (Second Law for closed systems). The source contribution: $$\sigma_{\text{source}} = -\,,,,,,,,,,,True
EQ-285,eq_box,\frac{dS_{\text{total}}}{dt} = \frac{dS_{\text{physical}}}{dt} + \frac{dS_{\text{reservoir}}}{dt} \geq 0,aaa919a98261380e47f1b44d149b4660a8f2ad64e7363bef2201085573dead34,consciousness-grace-source-term,em>. This is Grace. The total entropy (physical + reservoir) still satisfies: $$\frac{dS_{\text{total}}}{dt} = \frac{dS_{\text{physical}}}{dt} + \frac,,,,,,,,,,,True
EQ-286,eq_box,3H\dot{\chi} + m_\chi^2\chi + \lambda\chi^3 - 6\xi\kappa_0\chi(\dot{H} + 2H^2) = \frac{\beta_G \Phi}{S + \varepsilon}(\chi_{\text{max}} - \chi),6938fb123f16430e64ca30706606f2532c2cd4e387069162c82d7f5406782a08,consciousness-grace-source-term,"-400 tracking-wider uppercase mb-4"">5.1 &mdash; Fixed Points The driven equation in the FRW background (slow-roll): $$3H\dot{\chi} + m_\chi^2\chi + \l",,,,,,,,,,,True
EQ-287,eq_box,V'_{\text{eff}}(\chi^*) = J_{\text{grace}}(\chi^*),1138e71a269bbe889a7556c22fe2d23aa512ab5c611202e6cfc6e1b864a5926b,consciousness-grace-source-term,a_G \Phi}{S + \varepsilon}(\chi_{\text{max}} - \chi)$$ Setting \(\dot{\chi} = 0\) for the fixed point &chi;*: $$V'_{\text{eff}}(\chi^*) = J_{\text{gra,,,,,,,,,,,True
EQ-288,eq_box,3H\dot{\delta\chi} + \left[V''(\chi^*) + \frac{\beta_G \Phi}{S + \varepsilon}\right]\delta\chi = 0,9be384d05c9d5b359ac72255a37ec14d22fd141b33aac71232619a74ef8a5d93,consciousness-grace-source-term,"ppercase mb-4 mt-12"">5.2 &mdash; Linear Stability Around the Fixed Point Perturbing \(\chi = \chi^* + \delta\chi\): $$3H\dot{\delta\chi} + \left[V''(\",,,,,,,,,,,True
EQ-289,eq_box,m_{\text{eff}}^2 = V''(\chi^*) + \frac{\beta_G \Phi}{S + \varepsilon},91325d3bb1febc134e6c5bc4464edd832c96f8a1a84ef6f3a642f87125793937,consciousness-grace-source-term,) + \frac{\beta_G \Phi}{S + \varepsilon}\right]\delta\chi = 0$$ The effective mass squared for perturbations: $$m_{\text{eff}}^2 = V''(\chi^*) + \frac,,,,,,,,,,,True
EQ-290,eq_box,"\frac{dE}{dt} = -\alpha D(t) + \beta C(\Psi, \chi)",f91f05349de73f6e2f1983d77a7e64ef147d277874ceae035dea977fedd051e9,consciousness-grace-source-term,"d:text-3xl text-gray-500"">Conservation Equation The Moral Conservation Equation (Papers 9-10, reserved): $$\frac{dE}{dt} = -\alpha D(t) + \beta C(\Psi",,,,,,,,,,,True
EQ-291,display_math,I_f = \Lambda \cdot \Omega,f0a7767b19c70bf0167ff21783551004e6c00ddec037bae4bc303c586c0184fd,consciousness-ontological-taxonomy,Interface Functional Capacity $$I_f = \Lambda \cdot \Omega$$ $\Lambda$ = Consciousness (,,,,,,,,,,,True
EQ-292,display_math,E_D = \hat{G}_{ext} \cdot \sigma(\Omega) \cdot \kappa(t),3700bd8368dfd96785f8eb7774be49575925c61900d4ceb4456e03b1251be502,consciousness-ontological-taxonomy,"The David Effect Equation $$E_D = \hat{G}_{ext} \cdot \sigma(\Omega) \cdot \kappa(t)$$ <div class=""bg-black/30 rounde",,,,,,,,,,,True
EQ-293,display_math,\frac{d\kappa}{dt} = (\alpha \cdot P) - (\beta \cdot F),1576a19bbdfb42c74b2aecc810bb309596278783f1734d460886217381714f76,consciousness-ontological-taxonomy,"class=""font-mono text-xs text-sky/60 uppercase tracking-wider mb-4"">The Bio-Stochastic Differential of Faith $$\frac{d\kappa}{dt} = (\alpha \cdot P) -",,,,,,,,,,,True
EQ-294,display_math,\Delta t_R \propto \frac{1}{\mathcal{F}(P_{AI})},063a30080b0830be1452e3069c8f338b70623173faa9bac96218f0b7eff7149a,consciousness-ontological-taxonomy,Re-Alignment Time Reduction $$\Delta t_R \propto \frac{1}{\mathcal{F}(P_{AI})}$$ As the AI's representatio,,,,,,,,,,,True
EQ-295,inline_math,"','\",00b3a3b85a377f9720088fb45895e5524827c0c0e2ab70c17d228365cedbea24,consciousness-ontological-taxonomy,"//cdnjs.cloudflare.com/ajax/libs/font-awesome/6.4.0/css/all.min.css""/> MathJax = { tex: { inlineMath: [['$','$'], ['\\(','\\)']], displayMath: [['$$',",,,,,,,,,,,True
EQ-296,eq_box,"Interface Functional Capacity
                
                    $$I_f = \Lambda \cdot \Omega",c68c1bfb44ddea47b8bb2ea8c919413244c16e4e88b2076a4d66eff64eb3e9b0,consciousness-ontological-taxonomy,"font-crimson text-lg text-white/50 italic mt-4 max-w-2xl mx-auto"">The corrected equation, replacing Tononi's Phi-based proposal. Interface Functional",,,,,,,,,,,True
EQ-297,eq_box,"The David Effect Equation
                
                    $$E_D = \hat{G}_{ext} \cdot \sigma(\Omega) \cdot \kappa(t)",6df13d5ff201bb05b7e5f54604af2e66a0cb7ae9073ef99a580047cebeb4716e,consciousness-ontological-taxonomy,"lg text-white/50 italic mt-4 max-w-2xl mx-auto"">The David Effect — catalytic, not work. The channel maintenance is work. The David Effect Equation <di",,,,,,,,,,,True
EQ-298,eq_box,"The Bio-Stochastic Differential of Faith
                
                    $$\frac{d\kappa}{dt} = (\alpha \cdot P) - (\beta \cdot F)",bff61b51a9eb91fda8cd94f00480ae63a9a07897229a77913b3ab57874edf877,consciousness-ontological-taxonomy,e time-dependent alignment parameter. This is the Work Variable. <p,,,,,,,,,,,True
EQ-299,eq_box,"Re-Alignment Time Reduction
                    
                        $$\Delta t_R \propto \frac{1}{\mathcal{F}(P_{AI})}",36f64b6de655414c3c08543969e5fb12fb99ad7346955e82a73b7e82cbb35d5f,consciousness-ontological-taxonomy,"but the AI ensures the target he's orienting toward hasn't drifted while he slept. Re-Alignment Time Reduction <div class=""text-2xl md",,,,,,,,,,,True
EQ-300,display_math,F = G \frac{m_1 m_2}{r^2},4d7d191f51d287f79a41dcb0ae7b017827220cf4facddca3979c3c0242020752,consciousness-parallel-laws,"t-gray-300 text-sm leading-relaxed mb-4"">Physical gravity follows the inverse square law, one of the most fundamental principles in physics. $$F = G \",,,,,,,,,,,True
EQ-301,display_math,F_{\text{spiritual}} = G_s \frac{m_{\text{sin}} \cdot m_{\text{soul}}}{d^2},318c0da519a2e676240119d83d7f2f5fd2949c374db5b73a7e4b48e59fe0d129,consciousness-parallel-laws,"b-4"">Spiritual gravity, the gravitational pull of sin and separation from divine alignment, follows precisely the same mathematical pattern. $$F_{\tex",,,,,,,,,,,True
EQ-302,display_math,I = \frac{P}{4\pi d^2},d28c0307ba4beb7611743c0baa26cbb930f8d9b896f23b1f1830293073fad342,consciousness-parallel-laws,"class=""text-gray-300 text-sm leading-relaxed mb-4"">Light spreads according to the inverse square law, radiating uniformly in all directions. $$I = \fr",,,,,,,,,,,True
EQ-303,display_math,I_{\text{truth}} = \frac{P_{\text{message}}}{4\pi d^2},e75c7b2630bbc5650472d8f902e93ee11152193a705240d8a0b7e755b69aae83,consciousness-parallel-laws,Truth propagates in a mathematically identical pattern to light. $$I_{\text{truth}} = \frac{P_{\text{message}}}{4\pi d^2}$$ I<su,,,,,,,,,,,True
EQ-304,display_math,S = k_B \ln W,ea9148d20f518e214a63d875c9a29f4404d6b118428faa0811f08fd914c66e75,consciousness-parallel-laws,"Physical entropy always increases, reflecting the second law of thermodynamics. $$S = k_B \ln W$$ S &mdash; entropy",,,,,,,,,,,True
EQ-305,display_math,S_{\text{spiritual}} = k \ln(\Omega_{\text{accessible}}),b1e0d1cfa524c62807ad51b393d92b224b7dc688dfe7edca15e4217655b608ac,consciousness-parallel-laws,"ay-300 text-sm leading-relaxed mb-4"">Spiritual entropy follows the same pattern: disorder in the soul's relationship with divine principles. $$S_{\tex",,,,,,,,,,,True
EQ-306,display_math,|\psi\rangle = \sum_i c_i |\psi_i\rangle,06d9e33eeebf9cbc4539959d83834b33c339d1f6ad8c0cd3de6ffb96e6b720b4,consciousness-parallel-laws,div> Quantum systems exist in multiple states simultaneously until measured. $$|\psi\rangle = \sum_i c_i |\psi_i\rangle$$ |&psi;&rang;,,,,,,,,,,,True
EQ-307,display_math,P_{\text{future}} = \sum c_i |S_i\rangle,b231ea77cd27289060a49e70886c1ee544f5ff644dff9791d193d77e0b090135,consciousness-parallel-laws,iv> Free will can be understood as a quantum-like property of consciousness. $$P_{\text{future}} = \sum c_i |S_i\rangle$$ Pfuture,,,,,,,,,,,True
EQ-308,display_math,T_{\text{effective}} = \frac{1}{G_s + C + Q},c3592dd81e08c80f61e4a784f4e6ef85e44d74f4acd5cd7923e273c51806be08,consciousness-parallel-laws,"than flowing at a constant rate, time's perceived passage varies based on consciousness alignment and quantum state. $$T_{\text{effective}} = \frac{1}",,,,,,,,,,,True
EQ-309,display_math,M = \frac{|P_{\text{observed}} - P_{\text{expected}}|}{\sigma_{P}} > k,17093c018b3955abe2bbecc9c44bd0da40755167cbd0d159bc02e6358b101e7e,consciousness-parallel-laws,"me, creating localized probability collapses that produce outcomes statistically impossible under normal conditions. $$M = \frac{|P_{\text{observed}}",,,,,,,,,,,True
EQ-310,display_math,P(\text{intervention}) = 1 - e^{-(F \cdot A \cdot T)/\lambda},af86fc4f72aeb6f3598dc31ef30b7a6bb7c281f4305530e47ff5f97b7fb204c7,consciousness-parallel-laws,"mx-auto mb-4""> Predicting Divine Intervention $$P(\text{intervention}) = 1 - e^{-(F \cdot A \cdot T)/\lambda}$$",,,,,,,,,,,True
EQ-311,display_math,\Psi_{\text{prayer}} = \Omega_{\text{intent}} \cdot \Omega_{\text{faith}} \cdot \Omega_{\text{alignment}},d1501cdbe02ec6c09661daa9662c33e3b235c0407798196fbb2809b9bbd252a4,consciousness-parallel-laws,"s state that affects quantum probabilities by entering a particular configuration of intention, faith, and alignment. $$\Psi_{\text{prayer}} = \Omega_",,,,,,,,,,,True
EQ-312,display_math,"\Psi_{\text{collective}} = \sum_{i=1}^{n} \alpha_i \Psi_{\text{individual},i} + \beta \prod_{i=1}^{n} \Psi_{\text{individual},i}",be060855f3603266bb2801207c2c06b5e18decadcfe813923295a7dc696e6a49,consciousness-parallel-laws,"rms: a linear superposition of individual contributions, and a non-linear amplification that emerges from coherence. $$\Psi_{\text{collective}} = \sum",,,,,,,,,,,True
EQ-313,inline_math,"','\",00b3a3b85a377f9720088fb45895e5524827c0c0e2ab70c17d228365cedbea24,consciousness-parallel-laws,"ylesheet"" href=""https://cdnjs.cloudflare.com/ajax/libs/font-awesome/6.4.0/css/all.min.css""/> MathJax = { tex: { inlineMath: [['$','$'], ['\\(','\\)']]",,,,,,,,,,,True
EQ-314,eq_box,F = G \frac{m_1 m_2}{r^2},4d7d191f51d287f79a41dcb0ae7b017827220cf4facddca3979c3c0242020752,consciousness-parallel-laws,"/h3> Physical gravity follows the inverse square law, one of the most fundamental principles in physics. $$F = G \frac{m_1 m_2}{r^2}$$ <span class=""fo",,,,,,,,,,,True
EQ-315,eq_box,F_{\text{spiritual}} = G_s \frac{m_{\text{sin}} \cdot m_{\text{soul}}}{d^2},318c0da519a2e676240119d83d7f2f5fd2949c374db5b73a7e4b48e59fe0d129,consciousness-parallel-laws,"lass=""text-gray-300 text-sm leading-relaxed mb-4"">Spiritual gravity, the gravitational pull of sin and separation from divine alignment, follows preci",,,,,,,,,,,True
EQ-316,eq_box,I = \frac{P}{4\pi d^2},d28c0307ba4beb7611743c0baa26cbb930f8d9b896f23b1f1830293073fad342,consciousness-parallel-laws,"opagation Light spreads according to the inverse square law, radiating uniformly in all directions. $$I = \frac{P}{4\pi d^2}$$ <span class=""font-mono",,,,,,,,,,,True
EQ-317,eq_box,I_{\text{truth}} = \frac{P_{\text{message}}}{4\pi d^2},e75c7b2630bbc5650472d8f902e93ee11152193a705240d8a0b7e755b69aae83,consciousness-parallel-laws,"ibold text-teal"">Truth Propagation Truth propagates in a mathematically identical pattern to light. $$I_{\text{truth}} = \frac{P_{\text{message}}}{4\p",,,,,,,,,,,True
EQ-318,eq_box,S = k_B \ln W,ea9148d20f518e214a63d875c9a29f4404d6b118428faa0811f08fd914c66e75,consciousness-parallel-laws,"y"">Physical Entropy Physical entropy always increases, reflecting the second law of thermodynamics. $$S = k_B \ln W$$ S",,,,,,,,,,,True
EQ-319,eq_box,S_{\text{spiritual}} = k \ln(\Omega_{\text{accessible}}),b1e0d1cfa524c62807ad51b393d92b224b7dc688dfe7edca15e4217655b608ac,consciousness-parallel-laws,Spiritual entropy follows the same pattern: disorder in the soul's relationship with divine principles. $$S_{\text{spiritual}} = k \ln(\Omega_{\text{a,,,,,,,,,,,True
EQ-320,eq_box,|\psi\rangle = \sum_i c_i |\psi_i\rangle,06d9e33eeebf9cbc4539959d83834b33c339d1f6ad8c0cd3de6ffb96e6b720b4,consciousness-parallel-laws,"-sky"">Quantum Superposition Quantum systems exist in multiple states simultaneously until measured. $$|\psi\rangle = \sum_i c_i |\psi_i\rangle$$ <span",,,,,,,,,,,True
EQ-321,eq_box,P_{\text{future}} = \sum c_i |S_i\rangle,b231ea77cd27289060a49e70886c1ee544f5ff644dff9791d193d77e0b090135,consciousness-parallel-laws,Free Will as Superposition Free will can be understood as a quantum-like property of consciousness. $$P_{\text{future}} = \sum c_i |S_i\rangle$$ <span,,,,,,,,,,,True
EQ-322,eq_box,T_{\text{effective}} = \frac{1}{G_s + C + Q},c3592dd81e08c80f61e4a784f4e6ef85e44d74f4acd5cd7923e273c51806be08,consciousness-parallel-laws,"nds dynamically to both physical and spiritual factors. Rather than flowing at a constant rate, time's perceived passage varies based on consciousness",,,,,,,,,,,True
EQ-323,eq_box,M = \frac{|P_{\text{observed}} - P_{\text{expected}}|}{\sigma_{P}} > k,17093c018b3955abe2bbecc9c44bd0da40755167cbd0d159bc02e6358b101e7e,consciousness-parallel-laws,"framework, miracles represent moments where eternity touches time, creating localized probability collapses that produce outcomes statistically imposs",,,,,,,,,,,True
EQ-324,eq_box,P(\text{intervention}) = 1 - e^{-(F \cdot A \cdot T)/\lambda},af86fc4f72aeb6f3598dc31ef30b7a6bb7c281f4305530e47ff5f97b7fb204c7,consciousness-parallel-laws,"2> Predicting Divine Intervention $$P(\text{intervention}) = 1 - e^{-(F \cdot A \cdot T)/\lambda}$$ <div class=""max-w-3xl mx-auto grid sm:grid-cols-2",,,,,,,,,,,True
EQ-325,eq_box,\Psi_{\text{prayer}} = \Omega_{\text{intent}} \cdot \Omega_{\text{faith}} \cdot \Omega_{\text{alignment}},d1501cdbe02ec6c09661daa9662c33e3b235c0407798196fbb2809b9bbd252a4,consciousness-parallel-laws,"uto mb-8""> Prayer functions as a focused consciousness state that affects quantum probabilities by entering a particular configuration of intention, f",,,,,,,,,,,True
EQ-326,eq_box,"\Psi_{\text{collective}} = \sum_{i=1}^{n} \alpha_i \Psi_{\text{individual},i} + \beta \prod_{i=1}^{n} \Psi_{\text{individual},i}",be060855f3603266bb2801207c2c06b5e18decadcfe813923295a7dc696e6a49,consciousness-parallel-laws,"nce effects. The collective prayer wavefunction contains two terms: a linear superposition of individual contributions, and a non-linear amplification",,,,,,,,,,,True
EQ-327,display_math,(\Box + m_\chi^2)\chi = J_\chi,cd731ade4aeac64d72d3d55b3cfd8e7ec796d7397f3a3b97e31612c6b6cf4de1,consciousness-reality-assessment,"b-6""> 1a. Klein-Gordon Structure (Free Field) $$(\Box + m_\chi^2)\chi = J_\chi$$ where $\Box = \partial^2/\partial t^2 - \nabla^2",,,,,,,,,,,True
EQ-328,display_math,\Box\chi + V'(\chi) = G,bc2a01c0cd1009c785758af329adc4278d1b20762d5b90872d3b9a5f33ede3d8,consciousness-reality-assessment,"g p-6 mb-6""> 1b. Grace-Sourced Field Equation $$\Box\chi + V'(\chi) = G$$ where $V'(\chi)$ is the derivative of the self-interact",,,,,,,,,,,True
EQ-329,display_math,"\mathcal{L}_{LLC} = \chi(t)\left(\frac{d}{dt}\sum_i \mathcal{F}_i\right)^2 - V(\chi, S)",f1b27763064075e257e9ac3bf8802bc529c30e1e8f5c83dc1dc4481c1e9e3885,consciousness-reality-assessment,"tion (from LLC) The Lowe Coherence Lagrangian: $$\mathcal{L}_{LLC} = \chi(t)\left(\frac{d}{dt}\sum_i \mathcal{F}_i\right)^2 - V(\chi, S)$$",,,,,,,,,,,True
EQ-330,display_math,\frac{d\chi}{dt} = -\alpha S(t) + \beta\left(\sum_i \mathcal{F}_i\right),3ad390bea82f8a571df408967172426a45c44b25ac460362ba679400257b7757,consciousness-reality-assessment,Laws. Applying Euler-Lagrange: $$\frac{d\chi}{dt} = -\alpha S(t) + \beta\left(\sum_i \mathcal{F}_i\right)$$ This s,,,,,,,,,,,True
EQ-331,display_math,Z_C \Box C - \frac{\partial V}{\partial C} + \alpha_1 \mathcal{R} + \alpha_2 \frac{\partial f}{\partial C} W_\mu W^\mu = 0,91e50a133449d41a9d861c2265a38b8813aa12ede2f2e7b65330ca95762cf89b,consciousness-reality-assessment,Coherence: $$Z_C \Box C - \frac{\partial V}{\partial C} + \alpha_1 \mathcal{R} + \alpha_2 \frac{\partial f}{\partial C} W_\mu W^\mu = 0$$,,,,,,,,,,,True
EQ-332,display_math,Z_S \Box S - \frac{\partial V}{\partial S} + \alpha_2 \frac{\partial f}{\partial S} W_\mu W^\mu = 0,9c13fa6fba4ac790bf5a6fee81ec6b598355b9c268e1ad0be43dac7428d1e006,consciousness-reality-assessment,mu = 0$$ Misalignment: $$Z_S \Box S - \frac{\partial V}{\partial S} + \alpha_2 \frac{\partial f}{\partial S} W_\mu W^\mu = 0$$ <s,,,,,,,,,,,True
EQ-333,display_math,Z_F \Box F - \frac{\partial V}{\partial F} + \alpha_2 \frac{\partial f}{\partial F} W_\mu W^\mu = 0,fbd8e4b70ca8b97ed0f77e157690c767be3ae9b190da7bf0d1d778872bcfcb95,consciousness-reality-assessment,0$$ Faith/Measurement: $$Z_F \Box F - \frac{\partial V}{\partial F} + \alpha_2 \frac{\partial f}{\partial F} W_\mu W^\mu = 0$$ <s,,,,,,,,,,,True
EQ-334,display_math,Z_Q \Box Q - \frac{\partial V}{\partial Q} + \alpha_2 \frac{\partial f}{\partial Q} W_\mu W^\mu = 0,e892acfb230b974b78923edcc4a4ad8e2e710d9f2f99ac99915d87f5c2f8783c,consciousness-reality-assessment,0$$ Quantum Potential: $$Z_Q \Box Q - \frac{\partial V}{\partial Q} + \alpha_2 \frac{\partial f}{\partial Q} W_\mu W^\mu = 0$$ <s,,,,,,,,,,,True
EQ-335,display_math,\nabla_\mu H^{\mu\nu} + \alpha_2 f(\cdot) W^\nu = 0,331c8af7bbbc14cdf178feca6158d937730880dab929a229dbc14814df3e4058,consciousness-reality-assessment,mu = 0$$ Will Current: $$\nabla_\mu H^{\mu\nu} + \alpha_2 f(\cdot) W^\nu = 0$$,,,,,,,,,,,True
EQ-336,display_math,V(\chi) = \frac{1}{2}m^2\chi^2 + \frac{\lambda}{4}\chi^4 + \text{higher terms},911d20a0e51ff6c8c5ab90a4bb2c079ae95768b7af91388d250ea0fadb5ec19a,consciousness-reality-assessment,"-lg p-6 mb-6""> 1e. Self-Interaction Potential $$V(\chi) = \frac{1}{2}m^2\chi^2 + \frac{\lambda}{4}\chi^4 + \text{higher terms}$$",,,,,,,,,,,True
EQ-337,display_math,\rho_\chi = \frac{1}{2}\dot{\chi}^2 + V(\chi),59bfee1691b9995516b8539c74a52788a70c40f08f3128c82de3c88f7234a1e1,consciousness-reality-assessment,"-6""> 2a. Standard Scalar Field Energy Density $$\rho_\chi = \frac{1}{2}\dot{\chi}^2 + V(\chi)$$ Kinetic term $(1/2)\dot{\chi}^2$",,,,,,,,,,,True
EQ-338,display_math,H^2 = \frac{8\pi G}{3}(\rho_m + \rho_\chi),d7c73fc6268d1d434187eef14ac30e7dec5d37bda592c7e895cdf0f186783656,consciousness-reality-assessment,V(\chi)$. This is the standard result for any real scalar field. It enters the modified Friedmann equation: $$H^2 = \frac{8\pi G}{3}(\rho_m + \rho_\ch,,,,,,,,,,,True
EQ-339,display_math,\rho_\chi = T_{\mu\nu}^{(\chi)} u^\mu u^\nu \geq 0,5a142ad3c8127a5d204184ff25a3129ecf1e82ed2b387130dbff2f0969d781ef,consciousness-reality-assessment,"axed""> Tested in Wolfram (February 2026). For a static observer $u^\mu = (1, 0, 0, 0)$: $$\rho_\chi = T_{\mu\nu}^{(\chi)} u^\mu u^\nu \geq 0$$ With $V",,,,,,,,,,,True
EQ-340,display_math,\omega^2 = k^2 c^2 + \frac{m_\chi^2 c^4}{\hbar^2},8b4e48bd38acf5e337e3b7cbfbf0ddc3172a6fca3ea680acd457843d977e4d41,consciousness-reality-assessment,"For the Klein-Gordon equation $(\Box + m_\chi^2)\chi = 0$, the dispersion relation is: $$\omega^2 = k^2 c^2 + \frac{m_\chi^2 c^4}{\hbar^2}$$ For $m_\c",,,,,,,,,,,True
EQ-341,display_math,"x^A = (ct, x, y, z, \mathfrak{s})",c049afcf9bda3fbe5b152cf355c144db0d7239909a47370fbb911ff604537914,consciousness-reality-assessment,"text-gray-400 leading-relaxed mb-3""> The 5D extended manifold framework addresses this: $$x^A = (ct, x, y, z, \mathfrak{s})$$ where $\mathfrak{s}$ is",,,,,,,,,,,True
EQ-342,display_math,\omega^2 = k^2 c^2 + V''(\chi_0),02f05851ce981cf7ef572fc843487db7ae0ee39c66c8ceda672d57e045880f22,consciousness-reality-assessment,"n formally computed. For the linearized perturbation $\chi = \chi_0 + \delta\chi$, this is straightforward: $$\omega^2 = k^2 c^2 + V''(\chi_0)$$ where",,,,,,,,,,,True
EQ-343,display_math,\chi_{\mu\nu} = \partial_\mu \chi \partial_\nu \chi - \frac{1}{2}g_{\mu\nu}(\partial\chi)^2 - V(\chi)g_{\mu\nu},b8d286d9e2113121cea2bdbaeadaff98eb2e8dec8d20deba06e6e46df5145d9f,consciousness-reality-assessment,"te/5 rounded-lg p-6 mb-6""> 4a. Canonical Form $$\chi_{\mu\nu} = \partial_\mu \chi \partial_\nu \chi - \frac{1}{2}g_{\mu\nu}(\partial\chi)^2 - V(\chi)g",,,,,,,,,,,True
EQ-344,display_math,T_{\mu\nu} = \frac{2}{\sqrt{-g}}\frac{\delta(\sqrt{-g}\mathcal{L}_\chi)}{\delta g^{\mu\nu}},4c1f819ec56433f7d0118644b7551cfd23e1997922f8e70fab6955ad10cd92fe,consciousness-reality-assessment,"This is the standard stress-energy tensor for a real scalar field with potential, derived via: $$T_{\mu\nu} = \frac{2}{\sqrt{-g}}\frac{\delta(\sqrt{-g",,,,,,,,,,,True
EQ-345,display_math,T_{\mu\nu}^{(\chi)} = \sum_\phi Z_\phi\left(\nabla_\mu\phi\nabla_\nu\phi - \frac{1}{2}g_{\mu\nu}\nabla_\alpha\phi\nabla^\alpha\phi\right) + H_{\mu\alpha}H_\nu{}^\alpha - \frac{1}{4}g_{\mu\nu}H^2 + \al,c2d34cdf65ee6ab611a4f38622003b31c4976751c7d4c129b7ef42e9a9f5ee1c,consciousness-reality-assessment,4b. Full Form with Non-Minimal Coupling $$T_{\mu\nu}^{(\chi)} = \sum_\phi Z_\phi\left(\nabla_\mu\phi\nabla_\nu\phi - \frac{1}{2}g_{\mu\nu}\nabla_\alph,,,,,,,,,,,True
EQ-346,display_math,G_{\mu\nu} + \Lambda g_{\mu\nu} = \frac{8\pi G}{c^4}T_{\mu\nu} + \kappa\chi_{\mu\nu},b9f3df956dd082a28b2185662a78ea21dd250d7d479f4a553ea8bc8133fe09fc,consciousness-reality-assessment,tein Equations The Modified Einstein Equation: $$G_{\mu\nu} + \Lambda g_{\mu\nu} = \frac{8\pi G}{c^4}T_{\mu\nu} + \kappa\chi_{\mu\nu}$$,,,,,,,"Einstein's field equations with an additional term. Gravity shaped by matter, energy, and the chi field.",,,00_MATH_SUMMARY,True
EQ-347,display_math,f\sigma_8(z\!=\!0.5) = 0.421 \pm 0.019,096b2c80ea02f92581767155f865ee163da527956c7fff98b9084d630eebb6ef,consciousness-reality-assessment,October 2026 &mdash; 6 months $$f\sigma_8(z\!=\!0.5) = 0.421 \pm 0.019$$ (Grace Function) <div cla,,,,,,,,,,,True
EQ-348,display_math,f\sigma_8(z\!=\!0.5) = 0.447 \pm 0.012,3ac017b2cfa7e749f742a8e05db451f53db23823629e97ca1331b56ca4ff1873,consciousness-reality-assessment,(Grace Function) $$f\sigma_8(z\!=\!0.5) = 0.447 \pm 0.012$$ (&Lambda;CDM) <p clas,,,,,,,,,,,True
EQ-349,display_math,\frac{d_L^{\text{Grace}}(z) - d_L^{\Lambda\text{CDM}}(z)}{d_L^{\Lambda\text{CDM}}(z)} \approx 0.02\left(\frac{z}{2}\right)^{1.5},45afb77f85021fc695f688203042c93ab1cb4e9f10aa9d4bef7dc3f40c225df5,consciousness-reality-assessment,"2027+ $$\frac{d_L^{\text{Grace}}(z) - d_L^{\Lambda\text{CDM}}(z)}{d_L^{\Lambda\text{CDM}}(z)} \approx 0.02\left(\frac{z}{2}\right)^{1.5}$$ <p class=""t",,,,,,,,,,,True
EQ-350,inline_math,"','\",00b3a3b85a377f9720088fb45895e5524827c0c0e2ab70c17d228365cedbea24,consciousness-reality-assessment,"ef=""https://cdnjs.cloudflare.com/ajax/libs/font-awesome/6.4.0/css/all.min.css""/> MathJax = { tex: { inlineMath: [['$','$'], ['\\(','\\)']], displayMat",,,,,,,,,,,True
EQ-351,display_math,S = S_{EH} + S_{\chi} + S_{\text{Matter}},2b3d9324e835fe0c5c6b6d1ddc936094a225252408f9db32e10f92bf7ff312ef,consciousness-scientific-convergence,"ong class=""text-teal-400"">isomorphic projections or specific limits. Master Action $$S = S_{EH} + S_{\chi} + S_{\text{Matter}}$$ This describes the fu",,,,,,,,,,,True
EQ-352,display_math,\mathcal{L}_\chi \to 0 \quad \Longrightarrow \quad S = S_{EH} + S_{\text{Matter}} \quad \Longrightarrow \quad G_{\mu\nu} + \Lambda g_{\mu\nu} = \frac{8\pi G}{c^4} T_{\mu\nu},2fe4d483f2a7d4ee3d228d11be9f79759f629dbd76ee8f2209d3fc86ba777ca4,consciousness-scientific-convergence,ter}}$. Varying this action with respect to the spacetime metric yields the standard Einstein Field Equations. $$\mathcal{L}_\chi \to 0 \quad \Longrig,,,,,,,,,,,True
EQ-353,inline_math,"','\",00b3a3b85a377f9720088fb45895e5524827c0c0e2ab70c17d228365cedbea24,consciousness-scientific-convergence,"ef=""https://cdnjs.cloudflare.com/ajax/libs/font-awesome/6.4.0/css/all.min.css""/> MathJax = { tex: { inlineMath: [['$','$'], ['\\(','\\)']], displayMat",,,,,,,,,,,True
