equation_id,latex,lookup_key,source_kind,pattern_name,source_snippet,source_path,lane,article_slug
consciousness-chi-field-action-wrapped-EQ-001,"S_\chi = \int d^4x \sqrt{-g} \left[ \frac{1}{2\kappa_0}(1 + \xi \kappa_0 \chi^2) R - \frac{1}{2} g^{\mu\nu} \partial_\mu \chi \, \partial_\nu \chi - \frac{1}{2} m_\chi^2 \chi^2 - \frac{\lambda}{4} \chi^4 + \mathcal{L}_{\text{matter}} \right]",schiintd4xg12010chi2r12gmunumuchinuchi12mchi2chi24chi4lmatter,page_scan,display_dollars,"$$S_\chi = \int d^4x \sqrt{-g} \left[ \frac{1}{2\kappa_0}(1 + \xi \kappa_0 \chi^2) R - \frac{1}{2} g^{\mu\nu} \partial_\mu \chi \, \partial_\nu \chi - \frac{1}{2} m_\chi^2 \chi^2 -",consciousness-chi-field-action-wrapped.html,(root),consciousness-chi-field-action-wrapped
consciousness-chi-field-action-wrapped-EQ-002,\Box \chi - m_\chi^2 \chi - \lambda \chi^3 + \xi \kappa_0 \chi R = 0,chimchi2chichi30chir0,page_scan,display_dollars,$$\Box \chi - m_\chi^2 \chi - \lambda \chi^3 + \xi \kappa_0 \chi R = 0$$,consciousness-chi-field-action-wrapped.html,(root),consciousness-chi-field-action-wrapped
consciousness-chi-field-action-wrapped-EQ-003,V_{\text{eff}}(\chi) = \frac{1}{2}\left(m_\chi^2 - \xi \kappa_0 R\right)\chi^2 + \frac{\lambda}{4}\chi^4,veffchi12mchi20rchi24chi4,page_scan,display_dollars,$$V_{\text{eff}}(\chi) = \frac{1}{2}\left(m_\chi^2 - \xi \kappa_0 R\right)\chi^2 + \frac{\lambda}{4}\chi^4$$,consciousness-chi-field-action-wrapped.html,(root),consciousness-chi-field-action-wrapped
consciousness-chi-field-action-wrapped-EQ-004,G_{\mu\nu} = \kappa_0 \left(T_{\mu\nu}^{(\text{matter})} + T_{\mu\nu}^{(\chi)}\right) - \xi\kappa_0\left(\chi^2 G_{\mu\nu} + g_{\mu\nu}\Box(\chi^2) - \nabla_\mu\nabla_\nu(\chi^2)\right),gmunu0tmunumattertmunuchi0chi2gmunugmunuchi2munuchi2,page_scan,display_dollars,$$G_{\mu\nu} = \kappa_0 \left(T_{\mu\nu}^{(\text{matter})} + T_{\mu\nu}^{(\chi)}\right) - \xi\kappa_0\left(\chi^2 G_{\mu\nu} + g_{\mu\nu}\Box(\chi^2) - \nabla_\mu\nabla_\nu(\chi^2),consciousness-chi-field-action-wrapped.html,(root),consciousness-chi-field-action-wrapped
consciousness-chi-field-action-wrapped-EQ-005,"T_{\mu\nu}^{(\chi)} = \partial_\mu\chi\,\partial_\nu\chi - g_{\mu\nu}\left(\frac{1}{2}\partial_\alpha\chi\,\partial^\alpha\chi + V(\chi)\right)",tmunuchimuchinuchigmunu12vchi,page_scan,display_dollars,"$$T_{\mu\nu}^{(\chi)} = \partial_\mu\chi\,\partial_\nu\chi - g_{\mu\nu}\left(\frac{1}{2}\partial_\alpha\chi\,\partial^\alpha\chi + V(\chi)\right)$$",consciousness-chi-field-action-wrapped.html,(root),consciousness-chi-field-action-wrapped
consciousness-chi-field-action-wrapped-EQ-006,"G_{\mu\nu}(1 + \xi\kappa_0\chi_0^2) = \kappa_0 \, T_{\mu\nu}^{(\text{matter})} + \kappa_0 \, g_{\mu\nu} V(\chi_0)",gmunu10chi020tmunumatter0gmunuvchi0,page_scan,display_dollars,"$$G_{\mu\nu}(1 + \xi\kappa_0\chi_0^2) = \kappa_0 \, T_{\mu\nu}^{(\text{matter})} + \kappa_0 \, g_{\mu\nu} V(\chi_0)$$",consciousness-chi-field-action-wrapped.html,(root),consciousness-chi-field-action-wrapped
consciousness-chi-field-action-wrapped-EQ-007,\Box\delta\chi + m_{\text{eff}}^2 \delta\chi = 0,meff20,page_scan,display_dollars,$$\Box\delta\chi + m_{\text{eff}}^2 \delta\chi = 0$$,consciousness-chi-field-action-wrapped.html,(root),consciousness-chi-field-action-wrapped
consciousness-chi-field-action-wrapped-EQ-008,m_{\text{eff}}^2 = m_\chi^2 + 3\lambda\chi_0^2 - \xi\kappa_0 R,meff2mchi23020r,page_scan,display_dollars,$$m_{\text{eff}}^2 = m_\chi^2 + 3\lambda\chi_0^2 - \xi\kappa_0 R$$,consciousness-chi-field-action-wrapped.html,(root),consciousness-chi-field-action-wrapped
consciousness-chi-field-action-wrapped-EQ-009,\omega^2 = k^2 c^2 + m_{\text{eff}}^2 c^4/\hbar^2,2k2c2meff2c4hbar2,page_scan,display_dollars,$$\omega^2 = k^2 c^2 + m_{\text{eff}}^2 c^4/\hbar^2$$,consciousness-chi-field-action-wrapped.html,(root),consciousness-chi-field-action-wrapped
consciousness-chi-field-action-wrapped-EQ-010,"V(r) = -\frac{G_N m_1 m_2}{r}\left(1 + \alpha \, e^{-r/\lambda_\chi}\right)",vrgnm1m2r1erchi,page_scan,display_dollars,"$$V(r) = -\frac{G_N m_1 m_2}{r}\left(1 + \alpha \, e^{-r/\lambda_\chi}\right)$$",consciousness-chi-field-action-wrapped.html,(root),consciousness-chi-field-action-wrapped
consciousness-chi-field-action-wrapped-EQ-011,\gamma_{\text{PPN}} - 1 \approx -2\xi^2\kappa_0\chi_0^2,gammappn1220chi02,page_scan,display_dollars,$$\gamma_{\text{PPN}} - 1 \approx -2\xi^2\kappa_0\chi_0^2$$,consciousness-chi-field-action-wrapped.html,(root),consciousness-chi-field-action-wrapped
consciousness-chi-field-action-wrapped-EQ-012,\nabla^\mu\left(T_{\mu\nu}^{(\text{matter})} + T_{\mu\nu}^{(\chi)} + T_{\mu\nu}^{(\text{non-min})}\right) = 0,mutmunumattertmunuchitmununonmin0,page_scan,display_dollars,$$\nabla^\mu\left(T_{\mu\nu}^{(\text{matter})} + T_{\mu\nu}^{(\chi)} + T_{\mu\nu}^{(\text{non-min})}\right) = 0$$,consciousness-chi-field-action-wrapped.html,(root),consciousness-chi-field-action-wrapped
consciousness-chi-field-action-wrapped-EQ-013,\rho_\chi = \frac{1}{2}\dot{\chi}^2 + V(\chi) + 3\xi H\chi\dot{\chi} + \frac{3}{2}\xi H^2\chi^2,rhochi12chi2vchi3hchichi32h2chi2,page_scan,display_dollars,$$\rho_\chi = \frac{1}{2}\dot{\chi}^2 + V(\chi) + 3\xi H\chi\dot{\chi} + \frac{3}{2}\xi H^2\chi^2$$,consciousness-chi-field-action-wrapped.html,(root),consciousness-chi-field-action-wrapped
consciousness-chi-field-action-wrapped-EQ-014,p_\chi = \frac{1}{2}\dot{\chi}^2 - V(\chi) - \xi(\ddot{\chi}\chi + \dot{\chi}^2) - 2\xi H\chi\dot{\chi} - \xi(2\dot{H} + 3H^2)\chi^2,pchi12chi2vchichichichi22hchichi2h3h2chi2,page_scan,display_dollars,$$p_\chi = \frac{1}{2}\dot{\chi}^2 - V(\chi) - \xi(\ddot{\chi}\chi + \dot{\chi}^2) - 2\xi H\chi\dot{\chi} - \xi(2\dot{H} + 3H^2)\chi^2$$,consciousness-chi-field-action-wrapped.html,(root),consciousness-chi-field-action-wrapped
consciousness-chi-field-action-wrapped-EQ-015,T_{\mu\nu}^{(\xi)} = \xi\left[g_{\mu\nu}\Box(\chi^2) - \nabla_\mu\nabla_\nu(\chi^2) + \chi^2\left(R_{\mu\nu} - \frac{1}{2}g_{\mu\nu}R\right)\right],tmunugmunuchi2munuchi2chi2rmunu12gmunur,page_scan,display_dollars,$$T_{\mu\nu}^{(\xi)} = \xi\left[g_{\mu\nu}\Box(\chi^2) - \nabla_\mu\nabla_\nu(\chi^2) + \chi^2\left(R_{\mu\nu} - \frac{1}{2}g_{\mu\nu}R\right)\right]$$,consciousness-chi-field-action-wrapped.html,(root),consciousness-chi-field-action-wrapped
consciousness-chi-field-action-wrapped-EQ-016,m_\chi \sim H_0 \sim 10^{-33},mchih01033,page_scan,inline_brackets,\(m_\chi \sim H_0 \sim 10^{-33}\),consciousness-chi-field-action-wrapped.html,(root),consciousness-chi-field-action-wrapped
consciousness-chi-field-action-wrapped-EQ-017,\lambda_\chi = \hbar/(m_\chi c) \sim c/H_0 \sim 10^{26},chihbarmchicch01026,page_scan,inline_brackets,\(\lambda_\chi = \hbar/(m_\chi c) \sim c/H_0 \sim 10^{26}\),consciousness-chi-field-action-wrapped.html,(root),consciousness-chi-field-action-wrapped
consciousness-chi-field-action-wrapped-EQ-018,V(\chi) = \tfrac{1}{2}m^2\chi^2 + \tfrac{\lambda}{4}\chi^4,vchi12m2chi24chi4,page_scan,inline_brackets,\(V(\chi) = \tfrac{1}{2}m^2\chi^2 + \tfrac{\lambda}{4}\chi^4\),consciousness-chi-field-action-wrapped.html,(root),consciousness-chi-field-action-wrapped
consciousness-chi-field-action-wrapped-EQ-019,\langle\chi\rangle = \chi_0 \neq 0,chi0ne0,page_scan,inline_brackets,\(\langle\chi\rangle = \chi_0 \neq 0\),consciousness-chi-field-action-wrapped.html,(root),consciousness-chi-field-action-wrapped
consciousness-chi-field-action-wrapped-EQ-020,m^2 &lt; 0,m2lt0,page_scan,inline_brackets,\(m^2 &lt; 0\),consciousness-chi-field-action-wrapped.html,(root),consciousness-chi-field-action-wrapped
consciousness-chi-field-action-wrapped-EQ-021,\xi\chi^2 R,2r,page_scan,inline_brackets,\(\xi\chi^2 R\),consciousness-chi-field-action-wrapped.html,(root),consciousness-chi-field-action-wrapped
consciousness-chi-field-action-wrapped-EQ-022,\kappa_0 = 8\pi G_N / c^4,08pignc4,page_scan,inline_brackets,\(\kappa_0 = 8\pi G_N / c^4\),consciousness-chi-field-action-wrapped.html,(root),consciousness-chi-field-action-wrapped
consciousness-chi-field-action-wrapped-EQ-023,(1 + \xi\kappa_0\chi^2)R/2\kappa_0,10chi2r20,page_scan,inline_brackets,\((1 + \xi\kappa_0\chi^2)R/2\kappa_0\),consciousness-chi-field-action-wrapped.html,(root),consciousness-chi-field-action-wrapped
consciousness-chi-field-action-wrapped-EQ-024,-\tfrac{1}{2}g^{\mu\nu}\partial_\mu\chi\partial_\nu\chi,12gmunumuchinuchi,page_scan,inline_brackets,\(-\tfrac{1}{2}g^{\mu\nu}\partial_\mu\chi\partial_\nu\chi\),consciousness-chi-field-action-wrapped.html,(root),consciousness-chi-field-action-wrapped
consciousness-chi-field-action-wrapped-EQ-025,-\tfrac{1}{2}m_\chi^2\chi^2,12mchi2chi2,page_scan,inline_brackets,\(-\tfrac{1}{2}m_\chi^2\chi^2\),consciousness-chi-field-action-wrapped.html,(root),consciousness-chi-field-action-wrapped
consciousness-chi-field-action-wrapped-EQ-026,-(\lambda/4)\chi^4,4chi4,page_scan,inline_brackets,\(-(\lambda/4)\chi^4\),consciousness-chi-field-action-wrapped.html,(root),consciousness-chi-field-action-wrapped
consciousness-chi-field-action-wrapped-EQ-027,\mathcal{L}_{\text{matter}},lmatter,page_scan,inline_brackets,\(\mathcal{L}_{\text{matter}}\),consciousness-chi-field-action-wrapped.html,(root),consciousness-chi-field-action-wrapped
consciousness-chi-field-action-wrapped-EQ-028,m_\chi,mchi,page_scan,inline_brackets,\(m_\chi\),consciousness-chi-field-action-wrapped.html,(root),consciousness-chi-field-action-wrapped
consciousness-chi-field-action-wrapped-EQ-029,\sim H_0 \sim 10^{-33},h01033,page_scan,inline_brackets,\(\sim H_0 \sim 10^{-33}\),consciousness-chi-field-action-wrapped.html,(root),consciousness-chi-field-action-wrapped
consciousness-chi-field-action-wrapped-EQ-030,|\xi| \lesssim 10^5,105,page_scan,inline_brackets,\(|\xi| \lesssim 10^5\),consciousness-chi-field-action-wrapped.html,(root),consciousness-chi-field-action-wrapped
consciousness-chi-field-action-wrapped-EQ-031,&gt; 0,gt0,page_scan,inline_brackets,\(&gt; 0\),consciousness-chi-field-action-wrapped.html,(root),consciousness-chi-field-action-wrapped
consciousness-chi-field-action-wrapped-EQ-032,\kappa_0,0,page_scan,inline_brackets,\(\kappa_0\),consciousness-chi-field-action-wrapped.html,(root),consciousness-chi-field-action-wrapped
consciousness-chi-field-action-wrapped-EQ-033,8\pi G_N/c^4,8pignc4,page_scan,inline_brackets,\(8\pi G_N/c^4\),consciousness-chi-field-action-wrapped.html,(root),consciousness-chi-field-action-wrapped
consciousness-chi-field-action-wrapped-EQ-034,\xi = 1/6,16,page_scan,inline_brackets,\(\xi = 1/6\),consciousness-chi-field-action-wrapped.html,(root),consciousness-chi-field-action-wrapped
consciousness-chi-field-action-wrapped-EQ-035,x^\mu \to x'^\mu(x),xmutoxmux,page_scan,inline_brackets,\(x^\mu \to x'^\mu(x)\),consciousness-chi-field-action-wrapped.html,(root),consciousness-chi-field-action-wrapped
consciousness-chi-field-action-wrapped-EQ-036,\chi \to -\chi,chitochi,page_scan,inline_brackets,\(\chi \to -\chi\),consciousness-chi-field-action-wrapped.html,(root),consciousness-chi-field-action-wrapped
consciousness-chi-field-action-wrapped-EQ-037,\delta S / \delta\chi = 0,s0,page_scan,inline_brackets,\(\delta S / \delta\chi = 0\),consciousness-chi-field-action-wrapped.html,(root),consciousness-chi-field-action-wrapped
consciousness-chi-field-action-wrapped-EQ-038,\Box\chi + V'_{\text{eff}}(\chi) = 0,veffchi0,page_scan,inline_brackets,\(\Box\chi + V'_{\text{eff}}(\chi) = 0\),consciousness-chi-field-action-wrapped.html,(root),consciousness-chi-field-action-wrapped
consciousness-chi-field-action-wrapped-EQ-039,R = 0,r0,page_scan,inline_brackets,\(R = 0\),consciousness-chi-field-action-wrapped.html,(root),consciousness-chi-field-action-wrapped
consciousness-chi-field-action-wrapped-EQ-040,\Box\chi + m^2\chi + \lambda\chi^3 = 0,m2chi30,page_scan,inline_brackets,\(\Box\chi + m^2\chi + \lambda\chi^3 = 0\),consciousness-chi-field-action-wrapped.html,(root),consciousness-chi-field-action-wrapped
consciousness-chi-field-action-wrapped-EQ-041,\chi = \chi_0 + \delta\chi,chichi0,page_scan,inline_brackets,\(\chi = \chi_0 + \delta\chi\),consciousness-chi-field-action-wrapped.html,(root),consciousness-chi-field-action-wrapped
consciousness-chi-field-action-wrapped-EQ-042,R = 12H^2,r12h2,page_scan,inline_brackets,\(R = 12H^2\),consciousness-chi-field-action-wrapped.html,(root),consciousness-chi-field-action-wrapped
consciousness-chi-field-action-wrapped-EQ-043,R \gg m^2/(\xi\kappa_0),rm20,page_scan,inline_brackets,\(R \gg m^2/(\xi\kappa_0)\),consciousness-chi-field-action-wrapped.html,(root),consciousness-chi-field-action-wrapped
consciousness-chi-field-action-wrapped-EQ-044,g^{\mu\nu},gmunu,page_scan,inline_brackets,\(g^{\mu\nu}\),consciousness-chi-field-action-wrapped.html,(root),consciousness-chi-field-action-wrapped
consciousness-chi-field-action-wrapped-EQ-045,\delta S / \delta g^{\mu\nu} = 0,sgmunu0,page_scan,inline_brackets,\(\delta S / \delta g^{\mu\nu} = 0\),consciousness-chi-field-action-wrapped.html,(root),consciousness-chi-field-action-wrapped
consciousness-chi-field-action-wrapped-EQ-046,\partial_\mu\chi \to 0,muchito0,page_scan,inline_brackets,\(\partial_\mu\chi \to 0\),consciousness-chi-field-action-wrapped.html,(root),consciousness-chi-field-action-wrapped
consciousness-chi-field-action-wrapped-EQ-047,T_{\mu\nu}^{(\chi)} \to -g_{\mu\nu}V(\chi_0),tmunuchitogmunuvchi0,page_scan,inline_brackets,\(T_{\mu\nu}^{(\chi)} \to -g_{\mu\nu}V(\chi_0)\),consciousness-chi-field-action-wrapped.html,(root),consciousness-chi-field-action-wrapped
consciousness-chi-field-action-wrapped-EQ-048,\Box(\chi_0^2) = 0,chi020,page_scan,inline_brackets,\(\Box(\chi_0^2) = 0\),consciousness-chi-field-action-wrapped.html,(root),consciousness-chi-field-action-wrapped
consciousness-chi-field-action-wrapped-EQ-049,\nabla_\mu\nabla_\nu(\chi_0^2) = 0,munuchi020,page_scan,inline_brackets,\(\nabla_\mu\nabla_\nu(\chi_0^2) = 0\),consciousness-chi-field-action-wrapped.html,(root),consciousness-chi-field-action-wrapped
consciousness-chi-field-action-wrapped-EQ-050,G_{\text{eff}} = G_N / (1 + \xi\kappa_0\chi_0^2),geffgn10chi02,page_scan,inline_brackets,\(G_{\text{eff}} = G_N / (1 + \xi\kappa_0\chi_0^2)\),consciousness-chi-field-action-wrapped.html,(root),consciousness-chi-field-action-wrapped
consciousness-chi-field-action-wrapped-EQ-051,\Lambda_{\text{eff}} = \kappa_0 V(\chi_0),lambdaeff0vchi0,page_scan,inline_brackets,\(\Lambda_{\text{eff}} = \kappa_0 V(\chi_0)\),consciousness-chi-field-action-wrapped.html,(root),consciousness-chi-field-action-wrapped
consciousness-chi-field-action-wrapped-EQ-052,\delta\chi \propto \exp(i(kx - \omega t)),proptoikxt,page_scan,inline_brackets,\(\delta\chi \propto \exp(i(kx - \omega t))\),consciousness-chi-field-action-wrapped.html,(root),consciousness-chi-field-action-wrapped
consciousness-chi-field-action-wrapped-EQ-053,v_g = \partial\omega/\partial k = kc^2/\omega \leq c,vgkkc2lec,page_scan,inline_brackets,\(v_g = \partial\omega/\partial k = kc^2/\omega \leq c\),consciousness-chi-field-action-wrapped.html,(root),consciousness-chi-field-action-wrapped
consciousness-chi-field-action-wrapped-EQ-054,v_p = \omega/k \geq c,vpkgec,page_scan,inline_brackets,\(v_p = \omega/k \geq c\),consciousness-chi-field-action-wrapped.html,(root),consciousness-chi-field-action-wrapped
consciousness-chi-field-action-wrapped-EQ-055,m_{\text{eff}} \to 0,meffto0,page_scan,inline_brackets,\(m_{\text{eff}} \to 0\),consciousness-chi-field-action-wrapped.html,(root),consciousness-chi-field-action-wrapped
consciousness-chi-field-action-wrapped-EQ-056,v_g = c,vgc,page_scan,inline_brackets,\(v_g = c\),consciousness-chi-field-action-wrapped.html,(root),consciousness-chi-field-action-wrapped
consciousness-chi-field-action-wrapped-EQ-057,+\tfrac{1}{2}\dot\chi^2,122,page_scan,inline_brackets,\(+\tfrac{1}{2}\dot\chi^2\),consciousness-chi-field-action-wrapped.html,(root),consciousness-chi-field-action-wrapped
consciousness-chi-field-action-wrapped-EQ-058,1 + \xi\kappa_0\chi^2 &lt; 0,10chi2lt0,page_scan,inline_brackets,\(1 + \xi\kappa_0\chi^2 &lt; 0\),consciousness-chi-field-action-wrapped.html,(root),consciousness-chi-field-action-wrapped
consciousness-chi-field-action-wrapped-EQ-059,\chi^2 &gt; 1/(\xi\kappa_0),chi2gt10,page_scan,inline_brackets,\(\chi^2 &gt; 1/(\xi\kappa_0)\),consciousness-chi-field-action-wrapped.html,(root),consciousness-chi-field-action-wrapped
consciousness-chi-field-action-wrapped-EQ-060,\xi \sim 1,1,page_scan,inline_brackets,\(\xi \sim 1\),consciousness-chi-field-action-wrapped.html,(root),consciousness-chi-field-action-wrapped
consciousness-chi-field-action-wrapped-EQ-061,\kappa_0 \sim 10^{-69},01069,page_scan,inline_brackets,\(\kappa_0 \sim 10^{-69}\),consciousness-chi-field-action-wrapped.html,(root),consciousness-chi-field-action-wrapped
consciousness-chi-field-action-wrapped-EQ-062,\chi &lt; 10^{34.5},chilt10345,page_scan,inline_brackets,\(\chi &lt; 10^{34.5}\),consciousness-chi-field-action-wrapped.html,(root),consciousness-chi-field-action-wrapped
consciousness-chi-field-action-wrapped-EQ-063,m^2 &gt; 0,m2gt0,page_scan,inline_brackets,\(m^2 &gt; 0\),consciousness-chi-field-action-wrapped.html,(root),consciousness-chi-field-action-wrapped
consciousness-chi-field-action-wrapped-EQ-064,m_{\text{eff}}^2 = m^2 + 3\lambda\chi_0^2 &gt; 0,meff2m2302gt0,page_scan,inline_brackets,\(m_{\text{eff}}^2 = m^2 + 3\lambda\chi_0^2 &gt; 0\),consciousness-chi-field-action-wrapped.html,(root),consciousness-chi-field-action-wrapped
consciousness-chi-field-action-wrapped-EQ-065,\chi_0 = \sqrt{-m^2/\lambda},chi0m2,page_scan,inline_brackets,\(\chi_0 = \sqrt{-m^2/\lambda}\),consciousness-chi-field-action-wrapped.html,(root),consciousness-chi-field-action-wrapped
consciousness-chi-field-action-wrapped-EQ-066,m_{\text{eff}}^2 = -2m^2 &gt; 0,meff22m2gt0,page_scan,inline_brackets,\(m_{\text{eff}}^2 = -2m^2 &gt; 0\),consciousness-chi-field-action-wrapped.html,(root),consciousness-chi-field-action-wrapped
consciousness-chi-field-action-wrapped-EQ-067,"x^A = (ct, x, y, z, \mathfrak{s})",xactxyzs,page_scan,inline_brackets,"\(x^A = (ct, x, y, z, \mathfrak{s})\)",consciousness-chi-field-action-wrapped.html,(root),consciousness-chi-field-action-wrapped
consciousness-chi-field-action-wrapped-EQ-068,\mathfrak{s},s,page_scan,inline_brackets,\(\mathfrak{s}\),consciousness-chi-field-action-wrapped.html,(root),consciousness-chi-field-action-wrapped
consciousness-chi-field-action-wrapped-EQ-069,v \leq c,vlec,page_scan,inline_brackets,\(v \leq c\),consciousness-chi-field-action-wrapped.html,(root),consciousness-chi-field-action-wrapped
consciousness-chi-field-action-wrapped-EQ-070,\alpha = 2\xi^2\kappa_0,220,page_scan,inline_brackets,\(\alpha = 2\xi^2\kappa_0\),consciousness-chi-field-action-wrapped.html,(root),consciousness-chi-field-action-wrapped
consciousness-chi-field-action-wrapped-EQ-071,r \sim 1,r1,page_scan,inline_brackets,\(r \sim 1\),consciousness-chi-field-action-wrapped.html,(root),consciousness-chi-field-action-wrapped
consciousness-chi-field-action-wrapped-EQ-072,e^{-r/\lambda_\chi} \approx 1,erchi1,page_scan,inline_brackets,\(e^{-r/\lambda_\chi} \approx 1\),consciousness-chi-field-action-wrapped.html,(root),consciousness-chi-field-action-wrapped
consciousness-chi-field-action-wrapped-EQ-073,\alpha = 2\xi^2\kappa_0 \lesssim 10^{-59},2201059,page_scan,inline_brackets,\(\alpha = 2\xi^2\kappa_0 \lesssim 10^{-59}\),consciousness-chi-field-action-wrapped.html,(root),consciousness-chi-field-action-wrapped
consciousness-chi-field-action-wrapped-EQ-074,\alpha \lesssim 10^{-2},102,page_scan,inline_brackets,\(\alpha \lesssim 10^{-2}\),consciousness-chi-field-action-wrapped.html,(root),consciousness-chi-field-action-wrapped
consciousness-chi-field-action-wrapped-EQ-075,|\gamma_{\text{PPN}} - 1| &lt; 2.3 \times 10^{-5},gammappn1lt23105,page_scan,inline_brackets,\(|\gamma_{\text{PPN}} - 1| &lt; 2.3 \times 10^{-5}\),consciousness-chi-field-action-wrapped.html,(root),consciousness-chi-field-action-wrapped
consciousness-chi-field-action-wrapped-EQ-076,f(\chi) = 1 + \xi\kappa_0\chi^2,fchi10chi2,page_scan,inline_brackets,\(f(\chi) = 1 + \xi\kappa_0\chi^2\),consciousness-chi-field-action-wrapped.html,(root),consciousness-chi-field-action-wrapped
consciousness-chi-field-action-wrapped-EQ-077,\xi\kappa_0\chi_0^2 \ll 1,0chi021,page_scan,inline_brackets,\(\xi\kappa_0\chi_0^2 \ll 1\),consciousness-chi-field-action-wrapped.html,(root),consciousness-chi-field-action-wrapped
consciousness-chi-field-action-wrapped-EQ-078,|\gamma - 1| \sim 2\xi^2\kappa_0\chi_0^2,gamma1220chi02,page_scan,inline_brackets,\(|\gamma - 1| \sim 2\xi^2\kappa_0\chi_0^2\),consciousness-chi-field-action-wrapped.html,(root),consciousness-chi-field-action-wrapped
consciousness-chi-field-action-wrapped-EQ-079,|c_{\text{GW}}/c - 1| &lt; 10^{-15},cgwc1lt1015,page_scan,inline_brackets,\(|c_{\text{GW}}/c - 1| &lt; 10^{-15}\),consciousness-chi-field-action-wrapped.html,(root),consciousness-chi-field-action-wrapped
consciousness-chi-field-action-wrapped-EQ-080,Z(\chi) = 1,zchi1,page_scan,inline_brackets,\(Z(\chi) = 1\),consciousness-chi-field-action-wrapped.html,(root),consciousness-chi-field-action-wrapped
consciousness-chi-field-action-wrapped-EQ-081,m \sim H_0,mh0,page_scan,inline_brackets,\(m \sim H_0\),consciousness-chi-field-action-wrapped.html,(root),consciousness-chi-field-action-wrapped
consciousness-chi-field-action-wrapped-EQ-082,w_0,w0,page_scan,inline_brackets,\(w_0\),consciousness-chi-field-action-wrapped.html,(root),consciousness-chi-field-action-wrapped
consciousness-chi-field-action-wrapped-EQ-083,-0.7,07,page_scan,inline_brackets,\(-0.7\),consciousness-chi-field-action-wrapped.html,(root),consciousness-chi-field-action-wrapped
consciousness-chi-field-action-wrapped-EQ-084,-0.9,09,page_scan,inline_brackets,\(-0.9\),consciousness-chi-field-action-wrapped.html,(root),consciousness-chi-field-action-wrapped
consciousness-chi-field-action-wrapped-EQ-085,w_a,wa,page_scan,inline_brackets,\(w_a\),consciousness-chi-field-action-wrapped.html,(root),consciousness-chi-field-action-wrapped
consciousness-chi-field-action-wrapped-EQ-086,-0.5,05,page_scan,inline_brackets,\(-0.5\),consciousness-chi-field-action-wrapped.html,(root),consciousness-chi-field-action-wrapped
consciousness-chi-field-action-wrapped-EQ-087,-1.2,12,page_scan,inline_brackets,\(-1.2\),consciousness-chi-field-action-wrapped.html,(root),consciousness-chi-field-action-wrapped
consciousness-chi-field-action-wrapped-EQ-088,H_0,h0,page_scan,inline_brackets,\(H_0\),consciousness-chi-field-action-wrapped.html,(root),consciousness-chi-field-action-wrapped
consciousness-chi-field-action-wrapped-EQ-089,\rho_{\text{vac}} \sim 10^{71},rhovac1071,page_scan,inline_brackets,\(\rho_{\text{vac}} \sim 10^{71}\),consciousness-chi-field-action-wrapped.html,(root),consciousness-chi-field-action-wrapped
consciousness-chi-field-action-wrapped-EQ-090,\rho_{\text{DE}} \sim 10^{-47},rhode1047,page_scan,inline_brackets,\(\rho_{\text{DE}} \sim 10^{-47}\),consciousness-chi-field-action-wrapped.html,(root),consciousness-chi-field-action-wrapped
consciousness-chi-field-action-wrapped-EQ-091,V(\chi),vchi,page_scan,inline_brackets,\(V(\chi)\),consciousness-chi-field-action-wrapped.html,(root),consciousness-chi-field-action-wrapped
consciousness-chi-field-action-wrapped-EQ-092,w = -1,w1,page_scan,inline_brackets,\(w = -1\),consciousness-chi-field-action-wrapped.html,(root),consciousness-chi-field-action-wrapped
consciousness-chi-field-action-wrapped-EQ-093,w \neq -1,wne1,page_scan,inline_brackets,\(w \neq -1\),consciousness-chi-field-action-wrapped.html,(root),consciousness-chi-field-action-wrapped
consciousness-chi-field-action-wrapped-EQ-094,H_0 = 67.4 \pm 0.5,h067405,page_scan,inline_brackets,\(H_0 = 67.4 \pm 0.5\),consciousness-chi-field-action-wrapped.html,(root),consciousness-chi-field-action-wrapped
consciousness-chi-field-action-wrapped-EQ-095,H_0 = 73.0 \pm 1.0,h073010,page_scan,inline_brackets,\(H_0 = 73.0 \pm 1.0\),consciousness-chi-field-action-wrapped.html,(root),consciousness-chi-field-action-wrapped
consciousness-chi-field-action-wrapped-EQ-096,Q_{\text{GD}},qgd,page_scan,inline_brackets,\(Q_{\text{GD}}\),consciousness-chi-field-action-wrapped.html,(root),consciousness-chi-field-action-wrapped
consciousness-chi-field-action-wrapped-EQ-097,\sigma_8 = 0.811,sigma80811,page_scan,inline_brackets,\(\sigma_8 = 0.811\),consciousness-chi-field-action-wrapped.html,(root),consciousness-chi-field-action-wrapped
consciousness-chi-field-action-wrapped-EQ-098,\sigma_8 \approx 0.76\text{--}0.79,sigma8076079,page_scan,inline_brackets,\(\sigma_8 \approx 0.76\text{--}0.79\),consciousness-chi-field-action-wrapped.html,(root),consciousness-chi-field-action-wrapped
consciousness-chi-field-action-wrapped-EQ-099,\beta = -0.054,0054,page_scan,inline_brackets,\(\beta = -0.054\),consciousness-chi-field-action-wrapped.html,(root),consciousness-chi-field-action-wrapped
consciousness-chi-field-action-wrapped-EQ-100,\sigma_8,sigma8,page_scan,inline_brackets,\(\sigma_8\),consciousness-chi-field-action-wrapped.html,(root),consciousness-chi-field-action-wrapped
consciousness-chi-field-action-wrapped-EQ-101,\nabla^\mu G_{\mu\nu} = 0,mugmunu0,page_scan,inline_brackets,\(\nabla^\mu G_{\mu\nu} = 0\),consciousness-chi-field-action-wrapped.html,(root),consciousness-chi-field-action-wrapped
consciousness-chi-field-action-wrapped-EQ-102,v_g \leq c,vglec,page_scan,inline_brackets,\(v_g \leq c\),consciousness-chi-field-action-wrapped.html,(root),consciousness-chi-field-action-wrapped
consciousness-chi-field-action-wrapped-EQ-103,\Lambda_{\text{UV}} \sim M_{\text{Pl}},lambdauvmpl,page_scan,inline_brackets,\(\Lambda_{\text{UV}} \sim M_{\text{Pl}}\),consciousness-chi-field-action-wrapped.html,(root),consciousness-chi-field-action-wrapped
consciousness-chi-field-action-wrapped-EQ-104,T_{\mu\nu},tmunu,page_scan,inline_brackets,\(T_{\mu\nu}\),consciousness-chi-field-action-wrapped.html,(root),consciousness-chi-field-action-wrapped
consciousness-chi-field-action-wrapped-EQ-105,f\sigma_8(z=0.5) &gt; 0.44,fsigma8z05gt044,page_scan,inline_brackets,\(f\sigma_8(z=0.5) &gt; 0.44\),consciousness-chi-field-action-wrapped.html,(root),consciousness-chi-field-action-wrapped
consciousness-chi-field-action-wrapped-EQ-106,\kappa \sim 10^{-69},1069,page_scan,inline_brackets,\(\kappa \sim 10^{-69}\),consciousness-chi-field-action-wrapped.html,(root),consciousness-chi-field-action-wrapped
consciousness-chi-field-action-wrapped-EQ-107,c_{\text{GW}} \neq c,cgwnec,page_scan,inline_brackets,\(c_{\text{GW}} \neq c\),consciousness-chi-field-action-wrapped.html,(root),consciousness-chi-field-action-wrapped
consciousness-chi-field-action-wrapped-EQ-108,10^{-15},1015,page_scan,inline_brackets,\(10^{-15}\),consciousness-chi-field-action-wrapped.html,(root),consciousness-chi-field-action-wrapped
consciousness-chi-field-action-wrapped-EQ-109,G_{\text{eff}} = G_N/(1 + \xi\kappa_0\chi^2),geffgn10chi2,page_scan,inline_brackets,\(G_{\text{eff}} = G_N/(1 + \xi\kappa_0\chi^2)\),consciousness-chi-field-action-wrapped.html,(root),consciousness-chi-field-action-wrapped
consciousness-chi-field-action-wrapped-EQ-110,f(\chi),fchi,page_scan,inline_brackets,\(f(\chi)\),consciousness-chi-field-action-wrapped.html,(root),consciousness-chi-field-action-wrapped
consciousness-chi-field-action-wrapped-EQ-111,\chi,chi,page_scan,inline_brackets,\(\chi\),consciousness-chi-field-action-wrapped.html,(root),consciousness-chi-field-action-wrapped
consciousness-chi-field-action-wrapped-EQ-112,V_0 e^{-\lambda\chi},v0e,page_scan,inline_brackets,\(V_0 e^{-\lambda\chi}\),consciousness-chi-field-action-wrapped.html,(root),consciousness-chi-field-action-wrapped
consciousness-chi-field-action-wrapped-EQ-113,f(R),fr,page_scan,inline_brackets,\(f(R)\),consciousness-chi-field-action-wrapped.html,(root),consciousness-chi-field-action-wrapped
consciousness-chi-field-action-wrapped-EQ-114,1 + \xi\kappa_0\chi^2,10chi2,page_scan,inline_brackets,\(1 + \xi\kappa_0\chi^2\),consciousness-chi-field-action-wrapped.html,(root),consciousness-chi-field-action-wrapped
consciousness-chi-field-action-wrapped-EQ-115,\tfrac{1}{2}m^2\chi^2 + \tfrac{\lambda}{4}\chi^4,12m2chi24chi4,page_scan,inline_brackets,\(\tfrac{1}{2}m^2\chi^2 + \tfrac{\lambda}{4}\chi^4\),consciousness-chi-field-action-wrapped.html,(root),consciousness-chi-field-action-wrapped
consciousness-chi-field-action-wrapped-EQ-116,ds^2 = -dt^2 + a(t)^2 d\mathbf{x}^2,ds2dt2at2dx2,page_scan,inline_brackets,\(ds^2 = -dt^2 + a(t)^2 d\mathbf{x}^2\),consciousness-chi-field-action-wrapped.html,(root),consciousness-chi-field-action-wrapped
consciousness-chi-field-action-wrapped-EQ-117,w_\chi = p_\chi/\rho_\chi,wchipchirhochi,page_scan,inline_brackets,\(w_\chi = p_\chi/\rho_\chi\),consciousness-chi-field-action-wrapped.html,(root),consciousness-chi-field-action-wrapped
consciousness-chi-field-action-wrapped-EQ-118,\dot\chi^2 \ll V(\chi),2vchi,page_scan,inline_brackets,\(\dot\chi^2 \ll V(\chi)\),consciousness-chi-field-action-wrapped.html,(root),consciousness-chi-field-action-wrapped
consciousness-chi-field-action-wrapped-EQ-119,w_\chi \approx -1 + \varepsilon,wchi1,page_scan,inline_brackets,\(w_\chi \approx -1 + \varepsilon\),consciousness-chi-field-action-wrapped.html,(root),consciousness-chi-field-action-wrapped
consciousness-chi-field-action-wrapped-EQ-120,w_\chi &gt; -1,wchigt1,page_scan,inline_brackets,\(w_\chi &gt; -1\),consciousness-chi-field-action-wrapped.html,(root),consciousness-chi-field-action-wrapped
consciousness-chi-field-action-wrapped-EQ-121,w_0 \approx -0.7,w007,page_scan,inline_brackets,\(w_0 \approx -0.7\),consciousness-chi-field-action-wrapped.html,(root),consciousness-chi-field-action-wrapped
consciousness-chi-field-action-wrapped-EQ-122,T_{\mu\nu}^{(\text{total})} = T_{\mu\nu}^{(\chi)} + T_{\mu\nu}^{(\xi)},tmunutotaltmunuchitmunu,page_scan,inline_brackets,\(T_{\mu\nu}^{(\text{total})} = T_{\mu\nu}^{(\chi)} + T_{\mu\nu}^{(\xi)}\),consciousness-chi-field-action-wrapped.html,(root),consciousness-chi-field-action-wrapped
consciousness-chi-field-action-wrapped-EQ-123,\mathcal{L}_{\text{int}} \supset -\kappa\chi^2 R\sqrt{-g},lint2rg,page_scan,inline_brackets,\(\mathcal{L}_{\text{int}} \supset -\kappa\chi^2 R\sqrt{-g}\),consciousness-chi-field-action-wrapped.html,(root),consciousness-chi-field-action-wrapped
consciousness-chi-field-action-wrapped-EQ-124,(\xi\kappa_0\chi^2)R/(2\kappa_0) = (\xi/2)\chi^2 R,0chi2r202chi2r,page_scan,inline_brackets,\((\xi\kappa_0\chi^2)R/(2\kappa_0) = (\xi/2)\chi^2 R\),consciousness-chi-field-action-wrapped.html,(root),consciousness-chi-field-action-wrapped
consciousness-chi-field-action-wrapped-EQ-125,\xi/2,2,page_scan,inline_brackets,\(\xi/2\),consciousness-chi-field-action-wrapped.html,(root),consciousness-chi-field-action-wrapped
consciousness-chi-field-action-wrapped-EQ-126,\kappa G \cdot C \cdot R(FQ)/(S+\varepsilon),gcrfqs,page_scan,inline_brackets,\(\kappa G \cdot C \cdot R(FQ)/(S+\varepsilon)\),consciousness-chi-field-action-wrapped.html,(root),consciousness-chi-field-action-wrapped
consciousness-chi-field-action-wrapped-EQ-127,d\chi/dt = -\alpha S(t) + \beta(\Sigma_i \mathcal{F}_i),dchidtstifi,page_scan,inline_brackets,\(d\chi/dt = -\alpha S(t) + \beta(\Sigma_i \mathcal{F}_i)\),consciousness-chi-field-action-wrapped.html,(root),consciousness-chi-field-action-wrapped
consciousness-chi-field-action-wrapped-EQ-128,S(t) \to,stto,page_scan,inline_brackets,\(S(t) \to\),consciousness-chi-field-action-wrapped.html,(root),consciousness-chi-field-action-wrapped
consciousness-chi-field-action-wrapped-EQ-129,\mathcal{F}_i \to,fito,page_scan,inline_brackets,\(\mathcal{F}_i \to\),consciousness-chi-field-action-wrapped.html,(root),consciousness-chi-field-action-wrapped
consciousness-chi-field-action-EQ-001,"S_\chi = \int d^4x \sqrt{-g} \left[ \frac{1}{2\kappa_0}(1 + \xi \kappa_0 \chi^2) R - \frac{1}{2} g^{\mu\nu} \partial_\mu \chi \, \partial_\nu \chi - \frac{1}{2} m_\chi^2 \chi^2 - \frac{\lambda}{4} \chi^4 + \mathcal{L}_{\text{matter}} \right]",schiintd4xg12010chi2r12gmunumuchinuchi12mchi2chi24chi4lmatter,page_scan,display_dollars,"$$S_\chi = \int d^4x \sqrt{-g} \left[ \frac{1}{2\kappa_0}(1 + \xi \kappa_0 \chi^2) R - \frac{1}{2} g^{\mu\nu} \partial_\mu \chi \, \partial_\nu \chi - \frac{1}{2} m_\chi^2 \chi^2 -",consciousness-chi-field-action.html,(root),consciousness-chi-field-action
consciousness-chi-field-action-EQ-002,\Box \chi - m_\chi^2 \chi - \lambda \chi^3 + \xi \kappa_0 \chi R = 0,chimchi2chichi30chir0,page_scan,display_dollars,$$\Box \chi - m_\chi^2 \chi - \lambda \chi^3 + \xi \kappa_0 \chi R = 0$$,consciousness-chi-field-action.html,(root),consciousness-chi-field-action
consciousness-chi-field-action-EQ-003,V_{\text{eff}}(\chi) = \frac{1}{2}\left(m_\chi^2 - \xi \kappa_0 R\right)\chi^2 + \frac{\lambda}{4}\chi^4,veffchi12mchi20rchi24chi4,page_scan,display_dollars,$$V_{\text{eff}}(\chi) = \frac{1}{2}\left(m_\chi^2 - \xi \kappa_0 R\right)\chi^2 + \frac{\lambda}{4}\chi^4$$,consciousness-chi-field-action.html,(root),consciousness-chi-field-action
consciousness-chi-field-action-EQ-004,G_{\mu\nu} = \kappa_0 \left(T_{\mu\nu}^{(\text{matter})} + T_{\mu\nu}^{(\chi)}\right) - \xi\kappa_0\left(\chi^2 G_{\mu\nu} + g_{\mu\nu}\Box(\chi^2) - \nabla_\mu\nabla_\nu(\chi^2)\right),gmunu0tmunumattertmunuchi0chi2gmunugmunuchi2munuchi2,page_scan,display_dollars,$$G_{\mu\nu} = \kappa_0 \left(T_{\mu\nu}^{(\text{matter})} + T_{\mu\nu}^{(\chi)}\right) - \xi\kappa_0\left(\chi^2 G_{\mu\nu} + g_{\mu\nu}\Box(\chi^2) - \nabla_\mu\nabla_\nu(\chi^2),consciousness-chi-field-action.html,(root),consciousness-chi-field-action
consciousness-chi-field-action-EQ-005,"T_{\mu\nu}^{(\chi)} = \partial_\mu\chi\,\partial_\nu\chi - g_{\mu\nu}\left(\frac{1}{2}\partial_\alpha\chi\,\partial^\alpha\chi + V(\chi)\right)",tmunuchimuchinuchigmunu12vchi,page_scan,display_dollars,"$$T_{\mu\nu}^{(\chi)} = \partial_\mu\chi\,\partial_\nu\chi - g_{\mu\nu}\left(\frac{1}{2}\partial_\alpha\chi\,\partial^\alpha\chi + V(\chi)\right)$$",consciousness-chi-field-action.html,(root),consciousness-chi-field-action
consciousness-chi-field-action-EQ-006,"G_{\mu\nu}(1 + \xi\kappa_0\chi_0^2) = \kappa_0 \, T_{\mu\nu}^{(\text{matter})} + \kappa_0 \, g_{\mu\nu} V(\chi_0)",gmunu10chi020tmunumatter0gmunuvchi0,page_scan,display_dollars,"$$G_{\mu\nu}(1 + \xi\kappa_0\chi_0^2) = \kappa_0 \, T_{\mu\nu}^{(\text{matter})} + \kappa_0 \, g_{\mu\nu} V(\chi_0)$$",consciousness-chi-field-action.html,(root),consciousness-chi-field-action
consciousness-chi-field-action-EQ-007,\Box\delta\chi + m_{\text{eff}}^2 \delta\chi = 0,meff20,page_scan,display_dollars,$$\Box\delta\chi + m_{\text{eff}}^2 \delta\chi = 0$$,consciousness-chi-field-action.html,(root),consciousness-chi-field-action
consciousness-chi-field-action-EQ-008,m_{\text{eff}}^2 = m_\chi^2 + 3\lambda\chi_0^2 - \xi\kappa_0 R,meff2mchi23020r,page_scan,display_dollars,$$m_{\text{eff}}^2 = m_\chi^2 + 3\lambda\chi_0^2 - \xi\kappa_0 R$$,consciousness-chi-field-action.html,(root),consciousness-chi-field-action
consciousness-chi-field-action-EQ-009,\omega^2 = k^2 c^2 + m_{\text{eff}}^2 c^4/\hbar^2,2k2c2meff2c4hbar2,page_scan,display_dollars,$$\omega^2 = k^2 c^2 + m_{\text{eff}}^2 c^4/\hbar^2$$,consciousness-chi-field-action.html,(root),consciousness-chi-field-action
consciousness-chi-field-action-EQ-010,"V(r) = -\frac{G_N m_1 m_2}{r}\left(1 + \alpha \, e^{-r/\lambda_\chi}\right)",vrgnm1m2r1erchi,page_scan,display_dollars,"$$V(r) = -\frac{G_N m_1 m_2}{r}\left(1 + \alpha \, e^{-r/\lambda_\chi}\right)$$",consciousness-chi-field-action.html,(root),consciousness-chi-field-action
consciousness-chi-field-action-EQ-011,\gamma_{\text{PPN}} - 1 \approx -2\xi^2\kappa_0\chi_0^2,gammappn1220chi02,page_scan,display_dollars,$$\gamma_{\text{PPN}} - 1 \approx -2\xi^2\kappa_0\chi_0^2$$,consciousness-chi-field-action.html,(root),consciousness-chi-field-action
consciousness-chi-field-action-EQ-012,\nabla^\mu\left(T_{\mu\nu}^{(\text{matter})} + T_{\mu\nu}^{(\chi)} + T_{\mu\nu}^{(\text{non-min})}\right) = 0,mutmunumattertmunuchitmununonmin0,page_scan,display_dollars,$$\nabla^\mu\left(T_{\mu\nu}^{(\text{matter})} + T_{\mu\nu}^{(\chi)} + T_{\mu\nu}^{(\text{non-min})}\right) = 0$$,consciousness-chi-field-action.html,(root),consciousness-chi-field-action
consciousness-chi-field-action-EQ-013,\rho_\chi = \frac{1}{2}\dot{\chi}^2 + V(\chi) + 3\xi H\chi\dot{\chi} + \frac{3}{2}\xi H^2\chi^2,rhochi12chi2vchi3hchichi32h2chi2,page_scan,display_dollars,$$\rho_\chi = \frac{1}{2}\dot{\chi}^2 + V(\chi) + 3\xi H\chi\dot{\chi} + \frac{3}{2}\xi H^2\chi^2$$,consciousness-chi-field-action.html,(root),consciousness-chi-field-action
consciousness-chi-field-action-EQ-014,p_\chi = \frac{1}{2}\dot{\chi}^2 - V(\chi) - \xi(\ddot{\chi}\chi + \dot{\chi}^2) - 2\xi H\chi\dot{\chi} - \xi(2\dot{H} + 3H^2)\chi^2,pchi12chi2vchichichichi22hchichi2h3h2chi2,page_scan,display_dollars,$$p_\chi = \frac{1}{2}\dot{\chi}^2 - V(\chi) - \xi(\ddot{\chi}\chi + \dot{\chi}^2) - 2\xi H\chi\dot{\chi} - \xi(2\dot{H} + 3H^2)\chi^2$$,consciousness-chi-field-action.html,(root),consciousness-chi-field-action
consciousness-chi-field-action-EQ-015,T_{\mu\nu}^{(\xi)} = \xi\left[g_{\mu\nu}\Box(\chi^2) - \nabla_\mu\nabla_\nu(\chi^2) + \chi^2\left(R_{\mu\nu} - \frac{1}{2}g_{\mu\nu}R\right)\right],tmunugmunuchi2munuchi2chi2rmunu12gmunur,page_scan,display_dollars,$$T_{\mu\nu}^{(\xi)} = \xi\left[g_{\mu\nu}\Box(\chi^2) - \nabla_\mu\nabla_\nu(\chi^2) + \chi^2\left(R_{\mu\nu} - \frac{1}{2}g_{\mu\nu}R\right)\right]$$,consciousness-chi-field-action.html,(root),consciousness-chi-field-action
consciousness-chi-field-action-EQ-016,m_\chi \sim H_0 \sim 10^{-33},mchih01033,page_scan,inline_brackets,\(m_\chi \sim H_0 \sim 10^{-33}\),consciousness-chi-field-action.html,(root),consciousness-chi-field-action
consciousness-chi-field-action-EQ-017,\lambda_\chi = \hbar/(m_\chi c) \sim c/H_0 \sim 10^{26},chihbarmchicch01026,page_scan,inline_brackets,\(\lambda_\chi = \hbar/(m_\chi c) \sim c/H_0 \sim 10^{26}\),consciousness-chi-field-action.html,(root),consciousness-chi-field-action
consciousness-chi-field-action-EQ-018,V(\chi) = \tfrac{1}{2}m^2\chi^2 + \tfrac{\lambda}{4}\chi^4,vchi12m2chi24chi4,page_scan,inline_brackets,\(V(\chi) = \tfrac{1}{2}m^2\chi^2 + \tfrac{\lambda}{4}\chi^4\),consciousness-chi-field-action.html,(root),consciousness-chi-field-action
consciousness-chi-field-action-EQ-019,\langle\chi\rangle = \chi_0 \neq 0,chi0ne0,page_scan,inline_brackets,\(\langle\chi\rangle = \chi_0 \neq 0\),consciousness-chi-field-action.html,(root),consciousness-chi-field-action
consciousness-chi-field-action-EQ-020,m^2 &lt; 0,m2lt0,page_scan,inline_brackets,\(m^2 &lt; 0\),consciousness-chi-field-action.html,(root),consciousness-chi-field-action
consciousness-chi-field-action-EQ-021,\xi\chi^2 R,2r,page_scan,inline_brackets,\(\xi\chi^2 R\),consciousness-chi-field-action.html,(root),consciousness-chi-field-action
consciousness-chi-field-action-EQ-022,\kappa_0 = 8\pi G_N / c^4,08pignc4,page_scan,inline_brackets,\(\kappa_0 = 8\pi G_N / c^4\),consciousness-chi-field-action.html,(root),consciousness-chi-field-action
consciousness-chi-field-action-EQ-023,(1 + \xi\kappa_0\chi^2)R/2\kappa_0,10chi2r20,page_scan,inline_brackets,\((1 + \xi\kappa_0\chi^2)R/2\kappa_0\),consciousness-chi-field-action.html,(root),consciousness-chi-field-action
consciousness-chi-field-action-EQ-024,-\tfrac{1}{2}g^{\mu\nu}\partial_\mu\chi\partial_\nu\chi,12gmunumuchinuchi,page_scan,inline_brackets,\(-\tfrac{1}{2}g^{\mu\nu}\partial_\mu\chi\partial_\nu\chi\),consciousness-chi-field-action.html,(root),consciousness-chi-field-action
consciousness-chi-field-action-EQ-025,-\tfrac{1}{2}m_\chi^2\chi^2,12mchi2chi2,page_scan,inline_brackets,\(-\tfrac{1}{2}m_\chi^2\chi^2\),consciousness-chi-field-action.html,(root),consciousness-chi-field-action
consciousness-chi-field-action-EQ-026,-(\lambda/4)\chi^4,4chi4,page_scan,inline_brackets,\(-(\lambda/4)\chi^4\),consciousness-chi-field-action.html,(root),consciousness-chi-field-action
consciousness-chi-field-action-EQ-027,\mathcal{L}_{\text{matter}},lmatter,page_scan,inline_brackets,\(\mathcal{L}_{\text{matter}}\),consciousness-chi-field-action.html,(root),consciousness-chi-field-action
consciousness-chi-field-action-EQ-028,m_\chi,mchi,page_scan,inline_brackets,\(m_\chi\),consciousness-chi-field-action.html,(root),consciousness-chi-field-action
consciousness-chi-field-action-EQ-029,\sim H_0 \sim 10^{-33},h01033,page_scan,inline_brackets,\(\sim H_0 \sim 10^{-33}\),consciousness-chi-field-action.html,(root),consciousness-chi-field-action
consciousness-chi-field-action-EQ-030,"</td>
<td>\xi</td>
</tr>
<tr>
<td>Self-coupling</td>
<td>\(\lambda",tdtdtdtrtrtdselfcouplingtdtd,page_scan,inline_brackets,\(</td> <td>\xi</td> </tr> <tr> <td>Self-coupling</td> <td>\(\lambda\),consciousness-chi-field-action.html,(root),consciousness-chi-field-action
consciousness-chi-field-action-EQ-031,&gt; 0,gt0,page_scan,inline_brackets,\(&gt; 0\),consciousness-chi-field-action.html,(root),consciousness-chi-field-action
consciousness-chi-field-action-EQ-032,\kappa_0,0,page_scan,inline_brackets,\(\kappa_0\),consciousness-chi-field-action.html,(root),consciousness-chi-field-action
consciousness-chi-field-action-EQ-033,8\pi G_N/c^4,8pignc4,page_scan,inline_brackets,\(8\pi G_N/c^4\),consciousness-chi-field-action.html,(root),consciousness-chi-field-action
consciousness-chi-field-action-EQ-034,\xi = 1/6,16,page_scan,inline_brackets,\(\xi = 1/6\),consciousness-chi-field-action.html,(root),consciousness-chi-field-action
consciousness-chi-field-action-EQ-035,x^\mu \to x'^\mu(x),xmutoxmux,page_scan,inline_brackets,\(x^\mu \to x'^\mu(x)\),consciousness-chi-field-action.html,(root),consciousness-chi-field-action
consciousness-chi-field-action-EQ-036,\chi \to -\chi,chitochi,page_scan,inline_brackets,\(\chi \to -\chi\),consciousness-chi-field-action.html,(root),consciousness-chi-field-action
consciousness-chi-field-action-EQ-037,\delta S / \delta\chi = 0,s0,page_scan,inline_brackets,\(\delta S / \delta\chi = 0\),consciousness-chi-field-action.html,(root),consciousness-chi-field-action
consciousness-chi-field-action-EQ-038,\Box\chi + V'_{\text{eff}}(\chi) = 0,veffchi0,page_scan,inline_brackets,\(\Box\chi + V'_{\text{eff}}(\chi) = 0\),consciousness-chi-field-action.html,(root),consciousness-chi-field-action
consciousness-chi-field-action-EQ-039,R = 0,r0,page_scan,inline_brackets,\(R = 0\),consciousness-chi-field-action.html,(root),consciousness-chi-field-action
consciousness-chi-field-action-EQ-040,\Box\chi + m^2\chi + \lambda\chi^3 = 0,m2chi30,page_scan,inline_brackets,\(\Box\chi + m^2\chi + \lambda\chi^3 = 0\),consciousness-chi-field-action.html,(root),consciousness-chi-field-action
consciousness-chi-field-action-EQ-041,\chi = \chi_0 + \delta\chi,chichi0,page_scan,inline_brackets,\(\chi = \chi_0 + \delta\chi\),consciousness-chi-field-action.html,(root),consciousness-chi-field-action
consciousness-chi-field-action-EQ-042,R = 12H^2,r12h2,page_scan,inline_brackets,\(R = 12H^2\),consciousness-chi-field-action.html,(root),consciousness-chi-field-action
consciousness-chi-field-action-EQ-043,R \gg m^2/(\xi\kappa_0),rm20,page_scan,inline_brackets,\(R \gg m^2/(\xi\kappa_0)\),consciousness-chi-field-action.html,(root),consciousness-chi-field-action
consciousness-chi-field-action-EQ-044,g^{\mu\nu},gmunu,page_scan,inline_brackets,\(g^{\mu\nu}\),consciousness-chi-field-action.html,(root),consciousness-chi-field-action
consciousness-chi-field-action-EQ-045,\delta S / \delta g^{\mu\nu} = 0,sgmunu0,page_scan,inline_brackets,\(\delta S / \delta g^{\mu\nu} = 0\),consciousness-chi-field-action.html,(root),consciousness-chi-field-action
consciousness-chi-field-action-EQ-046,\partial_\mu\chi \to 0,muchito0,page_scan,inline_brackets,\(\partial_\mu\chi \to 0\),consciousness-chi-field-action.html,(root),consciousness-chi-field-action
consciousness-chi-field-action-EQ-047,T_{\mu\nu}^{(\chi)} \to -g_{\mu\nu}V(\chi_0),tmunuchitogmunuvchi0,page_scan,inline_brackets,\(T_{\mu\nu}^{(\chi)} \to -g_{\mu\nu}V(\chi_0)\),consciousness-chi-field-action.html,(root),consciousness-chi-field-action
consciousness-chi-field-action-EQ-048,\Box(\chi_0^2) = 0,chi020,page_scan,inline_brackets,\(\Box(\chi_0^2) = 0\),consciousness-chi-field-action.html,(root),consciousness-chi-field-action
consciousness-chi-field-action-EQ-049,\nabla_\mu\nabla_\nu(\chi_0^2) = 0,munuchi020,page_scan,inline_brackets,\(\nabla_\mu\nabla_\nu(\chi_0^2) = 0\),consciousness-chi-field-action.html,(root),consciousness-chi-field-action
consciousness-chi-field-action-EQ-050,G_{\text{eff}} = G_N / (1 + \xi\kappa_0\chi_0^2),geffgn10chi02,page_scan,inline_brackets,\(G_{\text{eff}} = G_N / (1 + \xi\kappa_0\chi_0^2)\),consciousness-chi-field-action.html,(root),consciousness-chi-field-action
consciousness-chi-field-action-EQ-051,\Lambda_{\text{eff}} = \kappa_0 V(\chi_0),lambdaeff0vchi0,page_scan,inline_brackets,\(\Lambda_{\text{eff}} = \kappa_0 V(\chi_0)\),consciousness-chi-field-action.html,(root),consciousness-chi-field-action
consciousness-chi-field-action-EQ-052,\delta\chi \propto \exp(i(kx - \omega t)),proptoikxt,page_scan,inline_brackets,\(\delta\chi \propto \exp(i(kx - \omega t))\),consciousness-chi-field-action.html,(root),consciousness-chi-field-action
consciousness-chi-field-action-EQ-053,v_g = \partial\omega/\partial k = kc^2/\omega \leq c,vgkkc2lec,page_scan,inline_brackets,\(v_g = \partial\omega/\partial k = kc^2/\omega \leq c\),consciousness-chi-field-action.html,(root),consciousness-chi-field-action
consciousness-chi-field-action-EQ-054,v_p = \omega/k \geq c,vpkgec,page_scan,inline_brackets,\(v_p = \omega/k \geq c\),consciousness-chi-field-action.html,(root),consciousness-chi-field-action
consciousness-chi-field-action-EQ-055,m_{\text{eff}} \to 0,meffto0,page_scan,inline_brackets,\(m_{\text{eff}} \to 0\),consciousness-chi-field-action.html,(root),consciousness-chi-field-action
consciousness-chi-field-action-EQ-056,v_g = c,vgc,page_scan,inline_brackets,\(v_g = c\),consciousness-chi-field-action.html,(root),consciousness-chi-field-action
consciousness-chi-field-action-EQ-057,+\tfrac{1}{2}\dot\chi^2,122,page_scan,inline_brackets,\(+\tfrac{1}{2}\dot\chi^2\),consciousness-chi-field-action.html,(root),consciousness-chi-field-action
consciousness-chi-field-action-EQ-058,1 + \xi\kappa_0\chi^2 &lt; 0,10chi2lt0,page_scan,inline_brackets,\(1 + \xi\kappa_0\chi^2 &lt; 0\),consciousness-chi-field-action.html,(root),consciousness-chi-field-action
consciousness-chi-field-action-EQ-059,\chi^2 &gt; 1/(\xi\kappa_0),chi2gt10,page_scan,inline_brackets,\(\chi^2 &gt; 1/(\xi\kappa_0)\),consciousness-chi-field-action.html,(root),consciousness-chi-field-action
consciousness-chi-field-action-EQ-060,\xi \sim 1,1,page_scan,inline_brackets,\(\xi \sim 1\),consciousness-chi-field-action.html,(root),consciousness-chi-field-action
consciousness-chi-field-action-EQ-061,\kappa_0 \sim 10^{-69},01069,page_scan,inline_brackets,\(\kappa_0 \sim 10^{-69}\),consciousness-chi-field-action.html,(root),consciousness-chi-field-action
consciousness-chi-field-action-EQ-062,\chi &lt; 10^{34.5},chilt10345,page_scan,inline_brackets,\(\chi &lt; 10^{34.5}\),consciousness-chi-field-action.html,(root),consciousness-chi-field-action
consciousness-chi-field-action-EQ-063,m^2 &gt; 0,m2gt0,page_scan,inline_brackets,\(m^2 &gt; 0\),consciousness-chi-field-action.html,(root),consciousness-chi-field-action
consciousness-chi-field-action-EQ-064,m_{\text{eff}}^2 = m^2 + 3\lambda\chi_0^2 &gt; 0,meff2m2302gt0,page_scan,inline_brackets,\(m_{\text{eff}}^2 = m^2 + 3\lambda\chi_0^2 &gt; 0\),consciousness-chi-field-action.html,(root),consciousness-chi-field-action
consciousness-chi-field-action-EQ-065,\chi_0 = \sqrt{-m^2/\lambda},chi0m2,page_scan,inline_brackets,\(\chi_0 = \sqrt{-m^2/\lambda}\),consciousness-chi-field-action.html,(root),consciousness-chi-field-action
consciousness-chi-field-action-EQ-066,m_{\text{eff}}^2 = -2m^2 &gt; 0,meff22m2gt0,page_scan,inline_brackets,\(m_{\text{eff}}^2 = -2m^2 &gt; 0\),consciousness-chi-field-action.html,(root),consciousness-chi-field-action
consciousness-chi-field-action-EQ-067,"x^A = (ct, x, y, z, \mathfrak{s})",xactxyzs,page_scan,inline_brackets,"\(x^A = (ct, x, y, z, \mathfrak{s})\)",consciousness-chi-field-action.html,(root),consciousness-chi-field-action
consciousness-chi-field-action-EQ-068,\mathfrak{s},s,page_scan,inline_brackets,\(\mathfrak{s}\),consciousness-chi-field-action.html,(root),consciousness-chi-field-action
consciousness-chi-field-action-EQ-069,v \leq c,vlec,page_scan,inline_brackets,\(v \leq c\),consciousness-chi-field-action.html,(root),consciousness-chi-field-action
consciousness-chi-field-action-EQ-070,\alpha = 2\xi^2\kappa_0,220,page_scan,inline_brackets,\(\alpha = 2\xi^2\kappa_0\),consciousness-chi-field-action.html,(root),consciousness-chi-field-action
consciousness-chi-field-action-EQ-071,r \sim 1,r1,page_scan,inline_brackets,\(r \sim 1\),consciousness-chi-field-action.html,(root),consciousness-chi-field-action
consciousness-chi-field-action-EQ-072,e^{-r/\lambda_\chi} \approx 1,erchi1,page_scan,inline_brackets,\(e^{-r/\lambda_\chi} \approx 1\),consciousness-chi-field-action.html,(root),consciousness-chi-field-action
consciousness-chi-field-action-EQ-073,\alpha = 2\xi^2\kappa_0 \lesssim 10^{-59},2201059,page_scan,inline_brackets,\(\alpha = 2\xi^2\kappa_0 \lesssim 10^{-59}\),consciousness-chi-field-action.html,(root),consciousness-chi-field-action
consciousness-chi-field-action-EQ-074,\xi \lesssim 10^5,105,page_scan,inline_brackets,\(\xi \lesssim 10^5\),consciousness-chi-field-action.html,(root),consciousness-chi-field-action
consciousness-chi-field-action-EQ-075,\alpha \lesssim 10^{-2},102,page_scan,inline_brackets,\(\alpha \lesssim 10^{-2}\),consciousness-chi-field-action.html,(root),consciousness-chi-field-action
consciousness-chi-field-action-EQ-076,|\gamma_{\text{PPN}} - 1| &lt; 2.3 \times 10^{-5},gammappn1lt23105,page_scan,inline_brackets,\(|\gamma_{\text{PPN}} - 1| &lt; 2.3 \times 10^{-5}\),consciousness-chi-field-action.html,(root),consciousness-chi-field-action
consciousness-chi-field-action-EQ-077,f(\chi) = 1 + \xi\kappa_0\chi^2,fchi10chi2,page_scan,inline_brackets,\(f(\chi) = 1 + \xi\kappa_0\chi^2\),consciousness-chi-field-action.html,(root),consciousness-chi-field-action
consciousness-chi-field-action-EQ-078,\xi\kappa_0\chi_0^2 \ll 1,0chi021,page_scan,inline_brackets,\(\xi\kappa_0\chi_0^2 \ll 1\),consciousness-chi-field-action.html,(root),consciousness-chi-field-action
consciousness-chi-field-action-EQ-079,|\gamma - 1| \sim 2\xi^2\kappa_0\chi_0^2,gamma1220chi02,page_scan,inline_brackets,\(|\gamma - 1| \sim 2\xi^2\kappa_0\chi_0^2\),consciousness-chi-field-action.html,(root),consciousness-chi-field-action
consciousness-chi-field-action-EQ-080,|c_{\text{GW}}/c - 1| &lt; 10^{-15},cgwc1lt1015,page_scan,inline_brackets,\(|c_{\text{GW}}/c - 1| &lt; 10^{-15}\),consciousness-chi-field-action.html,(root),consciousness-chi-field-action
consciousness-chi-field-action-EQ-081,Z(\chi) = 1,zchi1,page_scan,inline_brackets,\(Z(\chi) = 1\),consciousness-chi-field-action.html,(root),consciousness-chi-field-action
consciousness-chi-field-action-EQ-082,m \sim H_0,mh0,page_scan,inline_brackets,\(m \sim H_0\),consciousness-chi-field-action.html,(root),consciousness-chi-field-action
consciousness-chi-field-action-EQ-083,w_0,w0,page_scan,inline_brackets,\(w_0\),consciousness-chi-field-action.html,(root),consciousness-chi-field-action
consciousness-chi-field-action-EQ-084,-0.7,07,page_scan,inline_brackets,\(-0.7\),consciousness-chi-field-action.html,(root),consciousness-chi-field-action
consciousness-chi-field-action-EQ-085,-0.9,09,page_scan,inline_brackets,\(-0.9\),consciousness-chi-field-action.html,(root),consciousness-chi-field-action
consciousness-chi-field-action-EQ-086,w_a,wa,page_scan,inline_brackets,\(w_a\),consciousness-chi-field-action.html,(root),consciousness-chi-field-action
consciousness-chi-field-action-EQ-087,-0.5,05,page_scan,inline_brackets,\(-0.5\),consciousness-chi-field-action.html,(root),consciousness-chi-field-action
consciousness-chi-field-action-EQ-088,-1.2,12,page_scan,inline_brackets,\(-1.2\),consciousness-chi-field-action.html,(root),consciousness-chi-field-action
consciousness-chi-field-action-EQ-089,H_0,h0,page_scan,inline_brackets,\(H_0\),consciousness-chi-field-action.html,(root),consciousness-chi-field-action
consciousness-chi-field-action-EQ-090,\rho_{\text{vac}} \sim 10^{71},rhovac1071,page_scan,inline_brackets,\(\rho_{\text{vac}} \sim 10^{71}\),consciousness-chi-field-action.html,(root),consciousness-chi-field-action
consciousness-chi-field-action-EQ-091,\rho_{\text{DE}} \sim 10^{-47},rhode1047,page_scan,inline_brackets,\(\rho_{\text{DE}} \sim 10^{-47}\),consciousness-chi-field-action.html,(root),consciousness-chi-field-action
consciousness-chi-field-action-EQ-092,V(\chi),vchi,page_scan,inline_brackets,\(V(\chi)\),consciousness-chi-field-action.html,(root),consciousness-chi-field-action
consciousness-chi-field-action-EQ-093,w = -1,w1,page_scan,inline_brackets,\(w = -1\),consciousness-chi-field-action.html,(root),consciousness-chi-field-action
consciousness-chi-field-action-EQ-094,w \neq -1,wne1,page_scan,inline_brackets,\(w \neq -1\),consciousness-chi-field-action.html,(root),consciousness-chi-field-action
consciousness-chi-field-action-EQ-095,H_0 = 67.4 \pm 0.5,h067405,page_scan,inline_brackets,\(H_0 = 67.4 \pm 0.5\),consciousness-chi-field-action.html,(root),consciousness-chi-field-action
consciousness-chi-field-action-EQ-096,H_0 = 73.0 \pm 1.0,h073010,page_scan,inline_brackets,\(H_0 = 73.0 \pm 1.0\),consciousness-chi-field-action.html,(root),consciousness-chi-field-action
consciousness-chi-field-action-EQ-097,Q_{\text{GD}},qgd,page_scan,inline_brackets,\(Q_{\text{GD}}\),consciousness-chi-field-action.html,(root),consciousness-chi-field-action
consciousness-chi-field-action-EQ-098,\sigma_8 = 0.811,sigma80811,page_scan,inline_brackets,\(\sigma_8 = 0.811\),consciousness-chi-field-action.html,(root),consciousness-chi-field-action
consciousness-chi-field-action-EQ-099,\sigma_8 \approx 0.76\text{--}0.79,sigma8076079,page_scan,inline_brackets,\(\sigma_8 \approx 0.76\text{--}0.79\),consciousness-chi-field-action.html,(root),consciousness-chi-field-action
consciousness-chi-field-action-EQ-100,\beta = -0.054,0054,page_scan,inline_brackets,\(\beta = -0.054\),consciousness-chi-field-action.html,(root),consciousness-chi-field-action
consciousness-chi-field-action-EQ-101,\sigma_8,sigma8,page_scan,inline_brackets,\(\sigma_8\),consciousness-chi-field-action.html,(root),consciousness-chi-field-action
consciousness-chi-field-action-EQ-102,\nabla^\mu G_{\mu\nu} = 0,mugmunu0,page_scan,inline_brackets,\(\nabla^\mu G_{\mu\nu} = 0\),consciousness-chi-field-action.html,(root),consciousness-chi-field-action
consciousness-chi-field-action-EQ-103,v_g \leq c,vglec,page_scan,inline_brackets,\(v_g \leq c\),consciousness-chi-field-action.html,(root),consciousness-chi-field-action
consciousness-chi-field-action-EQ-104,\Lambda_{\text{UV}} \sim M_{\text{Pl}},lambdauvmpl,page_scan,inline_brackets,\(\Lambda_{\text{UV}} \sim M_{\text{Pl}}\),consciousness-chi-field-action.html,(root),consciousness-chi-field-action
consciousness-chi-field-action-EQ-105,T_{\mu\nu},tmunu,page_scan,inline_brackets,\(T_{\mu\nu}\),consciousness-chi-field-action.html,(root),consciousness-chi-field-action
consciousness-chi-field-action-EQ-106,f\sigma_8(z=0.5) &gt; 0.44,fsigma8z05gt044,page_scan,inline_brackets,\(f\sigma_8(z=0.5) &gt; 0.44\),consciousness-chi-field-action.html,(root),consciousness-chi-field-action
consciousness-chi-field-action-EQ-107,\kappa \sim 10^{-69},1069,page_scan,inline_brackets,\(\kappa \sim 10^{-69}\),consciousness-chi-field-action.html,(root),consciousness-chi-field-action
consciousness-chi-field-action-EQ-108,c_{\text{GW}} \neq c,cgwnec,page_scan,inline_brackets,\(c_{\text{GW}} \neq c\),consciousness-chi-field-action.html,(root),consciousness-chi-field-action
consciousness-chi-field-action-EQ-109,10^{-15},1015,page_scan,inline_brackets,\(10^{-15}\),consciousness-chi-field-action.html,(root),consciousness-chi-field-action
consciousness-chi-field-action-EQ-110,G_{\text{eff}} = G_N/(1 + \xi\kappa_0\chi^2),geffgn10chi2,page_scan,inline_brackets,\(G_{\text{eff}} = G_N/(1 + \xi\kappa_0\chi^2)\),consciousness-chi-field-action.html,(root),consciousness-chi-field-action
consciousness-chi-field-action-EQ-111,f(\chi),fchi,page_scan,inline_brackets,\(f(\chi)\),consciousness-chi-field-action.html,(root),consciousness-chi-field-action
consciousness-chi-field-action-EQ-112,\chi,chi,page_scan,inline_brackets,\(\chi\),consciousness-chi-field-action.html,(root),consciousness-chi-field-action
consciousness-chi-field-action-EQ-113,V_0 e^{-\lambda\chi},v0e,page_scan,inline_brackets,\(V_0 e^{-\lambda\chi}\),consciousness-chi-field-action.html,(root),consciousness-chi-field-action
consciousness-chi-field-action-EQ-114,f(R),fr,page_scan,inline_brackets,\(f(R)\),consciousness-chi-field-action.html,(root),consciousness-chi-field-action
consciousness-chi-field-action-EQ-115,1 + \xi\kappa_0\chi^2,10chi2,page_scan,inline_brackets,\(1 + \xi\kappa_0\chi^2\),consciousness-chi-field-action.html,(root),consciousness-chi-field-action
consciousness-chi-field-action-EQ-116,\tfrac{1}{2}m^2\chi^2 + \tfrac{\lambda}{4}\chi^4,12m2chi24chi4,page_scan,inline_brackets,\(\tfrac{1}{2}m^2\chi^2 + \tfrac{\lambda}{4}\chi^4\),consciousness-chi-field-action.html,(root),consciousness-chi-field-action
consciousness-chi-field-action-EQ-117,ds^2 = -dt^2 + a(t)^2 d\mathbf{x}^2,ds2dt2at2dx2,page_scan,inline_brackets,\(ds^2 = -dt^2 + a(t)^2 d\mathbf{x}^2\),consciousness-chi-field-action.html,(root),consciousness-chi-field-action
consciousness-chi-field-action-EQ-118,w_\chi = p_\chi/\rho_\chi,wchipchirhochi,page_scan,inline_brackets,\(w_\chi = p_\chi/\rho_\chi\),consciousness-chi-field-action.html,(root),consciousness-chi-field-action
consciousness-chi-field-action-EQ-119,\dot\chi^2 \ll V(\chi),2vchi,page_scan,inline_brackets,\(\dot\chi^2 \ll V(\chi)\),consciousness-chi-field-action.html,(root),consciousness-chi-field-action
consciousness-chi-field-action-EQ-120,w_\chi \approx -1 + \varepsilon,wchi1,page_scan,inline_brackets,\(w_\chi \approx -1 + \varepsilon\),consciousness-chi-field-action.html,(root),consciousness-chi-field-action
consciousness-chi-field-action-EQ-121,w_\chi &gt; -1,wchigt1,page_scan,inline_brackets,\(w_\chi &gt; -1\),consciousness-chi-field-action.html,(root),consciousness-chi-field-action
consciousness-chi-field-action-EQ-122,w_0 \approx -0.7,w007,page_scan,inline_brackets,\(w_0 \approx -0.7\),consciousness-chi-field-action.html,(root),consciousness-chi-field-action
consciousness-chi-field-action-EQ-123,T_{\mu\nu}^{(\text{total})} = T_{\mu\nu}^{(\chi)} + T_{\mu\nu}^{(\xi)},tmunutotaltmunuchitmunu,page_scan,inline_brackets,\(T_{\mu\nu}^{(\text{total})} = T_{\mu\nu}^{(\chi)} + T_{\mu\nu}^{(\xi)}\),consciousness-chi-field-action.html,(root),consciousness-chi-field-action
consciousness-chi-field-action-EQ-124,\mathcal{L}_{\text{int}} \supset -\kappa\chi^2 R\sqrt{-g},lint2rg,page_scan,inline_brackets,\(\mathcal{L}_{\text{int}} \supset -\kappa\chi^2 R\sqrt{-g}\),consciousness-chi-field-action.html,(root),consciousness-chi-field-action
consciousness-chi-field-action-EQ-125,(\xi\kappa_0\chi^2)R/(2\kappa_0) = (\xi/2)\chi^2 R,0chi2r202chi2r,page_scan,inline_brackets,\((\xi\kappa_0\chi^2)R/(2\kappa_0) = (\xi/2)\chi^2 R\),consciousness-chi-field-action.html,(root),consciousness-chi-field-action
consciousness-chi-field-action-EQ-126,\xi/2,2,page_scan,inline_brackets,\(\xi/2\),consciousness-chi-field-action.html,(root),consciousness-chi-field-action
consciousness-chi-field-action-EQ-127,\kappa G \cdot C \cdot R(FQ)/(S+\varepsilon),gcrfqs,page_scan,inline_brackets,\(\kappa G \cdot C \cdot R(FQ)/(S+\varepsilon)\),consciousness-chi-field-action.html,(root),consciousness-chi-field-action
consciousness-chi-field-action-EQ-128,d\chi/dt = -\alpha S(t) + \beta(\Sigma_i \mathcal{F}<em>i),dchidtstifemi,page_scan,inline_brackets,\(d\chi/dt = -\alpha S(t) + \beta(\Sigma_i \mathcal{F}<em>i)\),consciousness-chi-field-action.html,(root),consciousness-chi-field-action
consciousness-chi-field-action-EQ-129,\Box\chi + V'</em>{\text{eff}}(\chi) = 0,vemeffchi0,page_scan,inline_brackets,\(\Box\chi + V'</em>{\text{eff}}(\chi) = 0\),consciousness-chi-field-action.html,(root),consciousness-chi-field-action
consciousness-chi-field-action-EQ-130,S(t) \to,stto,page_scan,inline_brackets,\(S(t) \to\),consciousness-chi-field-action.html,(root),consciousness-chi-field-action
consciousness-chi-field-action-EQ-131,\mathcal{F}_i \to,fito,page_scan,inline_brackets,\(\mathcal{F}_i \to\),consciousness-chi-field-action.html,(root),consciousness-chi-field-action
consciousness-coherence-bridge-wrapped-EQ-001,G_{\mu\nu} = \frac{8\pi G}{c^4}T_{\mu\nu},gmunu8pigc4tmunu,page_scan,display_dollars,$$G_{\mu\nu} = \frac{8\pi G}{c^4}T_{\mu\nu}$$,consciousness-coherence-bridge-wrapped.html,(root),consciousness-coherence-bridge-wrapped
consciousness-coherence-bridge-wrapped-EQ-002,\Delta x \cdot \Delta p \geq \frac{\hbar}{2},deltaxdeltapgehbar2,page_scan,display_dollars,$$\Delta x \cdot \Delta p \geq \frac{\hbar}{2}$$,consciousness-coherence-bridge-wrapped.html,(root),consciousness-coherence-bridge-wrapped
consciousness-coherence-bridge-wrapped-EQ-003,|\psi\rangle = \sum_i c_i |\psi_i\rangle,icii,page_scan,display_dollars,$$|\psi\rangle = \sum_i c_i |\psi_i\rangle$$,consciousness-coherence-bridge-wrapped.html,(root),consciousness-coherence-bridge-wrapped
consciousness-coherence-bridge-wrapped-EQ-004,\Delta x \cdot \Delta p \geq \frac{\hbar(1-C)}{2},deltaxdeltapgehbar1c2,page_scan,display_dollars,$$\Delta x \cdot \Delta p \geq \frac{\hbar(1-C)}{2}$$,consciousness-coherence-bridge-wrapped.html,(root),consciousness-coherence-bridge-wrapped
consciousness-coherence-bridge-wrapped-EQ-005,\Omega = \int_{V}\left( \frac{\hbar(1-C)}{2} \cdot \frac{G}{c^4} \cdot T_{\mu\nu} \right) dV,intvhbar1c2gc4tmunudv,page_scan,display_dollars,$$\Omega = \int_{V}\left( \frac{\hbar(1-C)}{2} \cdot \frac{G}{c^4} \cdot T_{\mu\nu} \right) dV$$,consciousness-coherence-bridge-wrapped.html,(root),consciousness-coherence-bridge-wrapped
consciousness-coherence-bridge-wrapped-EQ-006,|\psi_{\text{before}}\rangle = \sum_i c_i |\psi_i\rangle,beforeicii,page_scan,display_dollars,$$|\psi_{\text{before}}\rangle = \sum_i c_i |\psi_i\rangle$$,consciousness-coherence-bridge-wrapped.html,(root),consciousness-coherence-bridge-wrapped
consciousness-coherence-bridge-wrapped-EQ-007,|\psi_{\text{after}}\rangle = \hat{P}_{C} |\psi_{\text{before}}\rangle,afterpcbefore,page_scan,display_dollars,$$|\psi_{\text{after}}\rangle = \hat{P}_{C} |\psi_{\text{before}}\rangle$$,consciousness-coherence-bridge-wrapped.html,(root),consciousness-coherence-bridge-wrapped
consciousness-coherence-bridge-wrapped-EQ-008,C_{\text{collective}} = \sum_{i=1}^{n} \alpha_i C_i + \beta \prod_{i=1}^{n} C_i,ccollectivei1nicii1nci,page_scan,display_dollars,$$C_{\text{collective}} = \sum_{i=1}^{n} \alpha_i C_i + \beta \prod_{i=1}^{n} C_i$$,consciousness-coherence-bridge-wrapped.html,(root),consciousness-coherence-bridge-wrapped
consciousness-coherence-bridge-wrapped-EQ-009,\sum_{i=1}^{n} \alpha_i C_i,i1nici,page_scan,display_dollars,$$\sum_{i=1}^{n} \alpha_i C_i$$,consciousness-coherence-bridge-wrapped.html,(root),consciousness-coherence-bridge-wrapped
consciousness-coherence-bridge-wrapped-EQ-010,\beta \prod_{i=1}^{n} C_i,i1nci,page_scan,display_dollars,$$\beta \prod_{i=1}^{n} C_i$$,consciousness-coherence-bridge-wrapped.html,(root),consciousness-coherence-bridge-wrapped
consciousness-coherence-bridge-wrapped-EQ-011,"\chi = \iiint(G \cdot M \cdot E \cdot S \cdot T \cdot K \cdot R \cdot Q \cdot F \cdot C) \, dx \, dy \, dt",chiintgmestkrqfcdxdydt,page_scan,display_dollars,"$$\chi = \iiint(G \cdot M \cdot E \cdot S \cdot T \cdot K \cdot R \cdot Q \cdot F \cdot C) \, dx \, dy \, dt$$",consciousness-coherence-bridge-wrapped.html,(root),consciousness-coherence-bridge-wrapped
consciousness-coherence-bridge-wrapped-EQ-012,\hat{P}_{C},pc,page_scan,inline_dollars,$\hat{P}_{C}$,consciousness-coherence-bridge-wrapped.html,(root),consciousness-coherence-bridge-wrapped
consciousness-coherence-bridge-EQ-001,G_{\mu\nu} = \frac{8\pi G}{c^4}T_{\mu\nu},gmunu8pigc4tmunu,page_scan,display_dollars,$$G_{\mu\nu} = \frac{8\pi G}{c^4}T_{\mu\nu}$$,consciousness-coherence-bridge.html,(root),consciousness-coherence-bridge
consciousness-coherence-bridge-EQ-002,\Delta x \cdot \Delta p \geq \frac{\hbar}{2},deltaxdeltapgehbar2,page_scan,display_dollars,$$\Delta x \cdot \Delta p \geq \frac{\hbar}{2}$$,consciousness-coherence-bridge.html,(root),consciousness-coherence-bridge
consciousness-coherence-bridge-EQ-003,|\psi\rangle = \sum_i c_i |\psi_i\rangle,icii,page_scan,display_dollars,$$|\psi\rangle = \sum_i c_i |\psi_i\rangle$$,consciousness-coherence-bridge.html,(root),consciousness-coherence-bridge
consciousness-coherence-bridge-EQ-004,\Delta x \cdot \Delta p \geq \frac{\hbar(1-C)}{2},deltaxdeltapgehbar1c2,page_scan,display_dollars,$$\Delta x \cdot \Delta p \geq \frac{\hbar(1-C)}{2}$$,consciousness-coherence-bridge.html,(root),consciousness-coherence-bridge
consciousness-coherence-bridge-EQ-005,\Omega = \int_{V}\left( \frac{\hbar(1-C)}{2} \cdot \frac{G}{c^4} \cdot T_{\mu\nu} \right) dV,intvhbar1c2gc4tmunudv,page_scan,display_dollars,$$\Omega = \int_{V}\left( \frac{\hbar(1-C)}{2} \cdot \frac{G}{c^4} \cdot T_{\mu\nu} \right) dV$$,consciousness-coherence-bridge.html,(root),consciousness-coherence-bridge
consciousness-coherence-bridge-EQ-006,|\psi_{\text{before}}\rangle = \sum_i c_i |\psi_i\rangle,beforeicii,page_scan,display_dollars,$$|\psi_{\text{before}}\rangle = \sum_i c_i |\psi_i\rangle$$,consciousness-coherence-bridge.html,(root),consciousness-coherence-bridge
consciousness-coherence-bridge-EQ-007,|\psi_{\text{after}}\rangle = \hat{P}<em>{C} |\psi</em>{\text{before}}\rangle,afterpemcembefore,page_scan,display_dollars,$$|\psi_{\text{after}}\rangle = \hat{P}<em>{C} |\psi</em>{\text{before}}\rangle$$,consciousness-coherence-bridge.html,(root),consciousness-coherence-bridge
consciousness-coherence-bridge-EQ-008,C_{\text{collective}} = \sum_{i=1}^{n} \alpha_i C_i + \beta \prod_{i=1}^{n} C_i,ccollectivei1nicii1nci,page_scan,display_dollars,$$C_{\text{collective}} = \sum_{i=1}^{n} \alpha_i C_i + \beta \prod_{i=1}^{n} C_i$$,consciousness-coherence-bridge.html,(root),consciousness-coherence-bridge
consciousness-coherence-bridge-EQ-009,\sum_{i=1}^{n} \alpha_i C_i,i1nici,page_scan,display_dollars,$$\sum_{i=1}^{n} \alpha_i C_i$$,consciousness-coherence-bridge.html,(root),consciousness-coherence-bridge
consciousness-coherence-bridge-EQ-010,\beta \prod_{i=1}^{n} C_i,i1nci,page_scan,display_dollars,$$\beta \prod_{i=1}^{n} C_i$$,consciousness-coherence-bridge.html,(root),consciousness-coherence-bridge
consciousness-coherence-bridge-EQ-011,"\chi = \iiint(G \cdot M \cdot E \cdot S \cdot T \cdot K \cdot R \cdot Q \cdot F \cdot C) \, dx \, dy \, dt",chiintgmestkrqfcdxdydt,page_scan,display_dollars,"$$\chi = \iiint(G \cdot M \cdot E \cdot S \cdot T \cdot K \cdot R \cdot Q \cdot F \cdot C) \, dx \, dy \, dt$$",consciousness-coherence-bridge.html,(root),consciousness-coherence-bridge
consciousness-coherence-bridge-EQ-012,\hat{P}_{C},pc,page_scan,inline_dollars,$\hat{P}_{C}$,consciousness-coherence-bridge.html,(root),consciousness-coherence-bridge
consciousness-evidence-predictions-wrapped-EQ-001,U(t) = U_0 \cdot 2^{(t-t_0)/7},utu02tt07,page_scan,display_dollars,$$U(t) = U_0 \cdot 2^{(t-t_0)/7}$$,consciousness-evidence-predictions-wrapped.html,(root),consciousness-evidence-predictions-wrapped
consciousness-evidence-predictions-wrapped-EQ-002,U(t),ut,page_scan,inline_dollars,$U(t)$,consciousness-evidence-predictions-wrapped.html,(root),consciousness-evidence-predictions-wrapped
consciousness-evidence-predictions-wrapped-EQ-003,U_0,u0,page_scan,inline_dollars,$U_0$,consciousness-evidence-predictions-wrapped.html,(root),consciousness-evidence-predictions-wrapped
consciousness-evidence-predictions-wrapped-EQ-004,t_0,t0,page_scan,inline_dollars,$t_0$,consciousness-evidence-predictions-wrapped.html,(root),consciousness-evidence-predictions-wrapped
consciousness-evidence-predictions-EQ-001,U(t) = U_0 \cdot 2^{(t-t_0)/7},utu02tt07,page_scan,display_dollars,$$U(t) = U_0 \cdot 2^{(t-t_0)/7}$$,consciousness-evidence-predictions.html,(root),consciousness-evidence-predictions
consciousness-evidence-predictions-EQ-002,U(t),ut,page_scan,inline_dollars,$U(t)$,consciousness-evidence-predictions.html,(root),consciousness-evidence-predictions
consciousness-evidence-predictions-EQ-003,U_0,u0,page_scan,inline_dollars,$U_0$,consciousness-evidence-predictions.html,(root),consciousness-evidence-predictions
consciousness-evidence-predictions-EQ-004,t_0,t0,page_scan,inline_dollars,$t_0$,consciousness-evidence-predictions.html,(root),consciousness-evidence-predictions
consciousness-free-will-evil-EQ-001,\Theta = Q + U,thetaqu,page_scan,display_dollars,$$\Theta = Q + U$$,consciousness-free-will-evil.html,(root),consciousness-free-will-evil
consciousness-free-will-evil-EQ-002,\Theta,theta,page_scan,inline_dollars,$\Theta$,consciousness-free-will-evil.html,(root),consciousness-free-will-evil
consciousness-grace-source-term-wrapped-EQ-001,\Box\chi - m_\chi^2\chi - \lambda\chi^3 + \xi\kappa_0\chi R = J_{\text{grace}}(x),mchi2chi30chirjgracex,page_scan,display_dollars,$$\Box\chi - m_\chi^2\chi - \lambda\chi^3 + \xi\kappa_0\chi R = J_{\text{grace}}(x)$$,consciousness-grace-source-term-wrapped.html,(root),consciousness-grace-source-term-wrapped
consciousness-grace-source-term-wrapped-EQ-002,"S = S_\chi[\text{closed}] + S_{\text{source}} = S_\chi[\text{closed}] + \int d^4x \sqrt{-g}\, J(x)\,\chi(x)",sschiclosedssourceschiclosedintd4xgjxchix,page_scan,display_dollars,"$$S = S_\chi[\text{closed}] + S_{\text{source}} = S_\chi[\text{closed}] + \int d^4x \sqrt{-g}\, J(x)\,\chi(x)$$",consciousness-grace-source-term-wrapped.html,(root),consciousness-grace-source-term-wrapped
consciousness-grace-source-term-wrapped-EQ-003,\dot{\chi} + H\chi = -\alpha S(t) + \beta\sum_i \mathcal{F}_i,chihchistifi,page_scan,display_dollars,$$\dot{\chi} + H\chi = -\alpha S(t) + \beta\sum_i \mathcal{F}_i$$,consciousness-grace-source-term-wrapped.html,(root),consciousness-grace-source-term-wrapped
consciousness-grace-source-term-wrapped-EQ-004,"G_{\mu\nu} + \mathcal{G}(t, \Psi_{\text{collective}}) \cdot g_{\mu\nu} = \frac{8\pi G}{c^4} T_{\mu\nu}",gmunugtpsicollectivegmunu8pigc4tmunu,page_scan,display_dollars,"$$G_{\mu\nu} + \mathcal{G}(t, \Psi_{\text{collective}}) \cdot g_{\mu\nu} = \frac{8\pi G}{c^4} T_{\mu\nu}$$",consciousness-grace-source-term-wrapped.html,(root),consciousness-grace-source-term-wrapped
consciousness-grace-source-term-wrapped-EQ-005,J_{\text{grace}}(x) = \frac{\beta_G \cdot \Phi(x)}{S_{\text{local}}(x) + \varepsilon} \cdot f_{\text{reg}}(\chi),jgracexgphixslocalxfregchi,page_scan,display_dollars,$$J_{\text{grace}}(x) = \frac{\beta_G \cdot \Phi(x)}{S_{\text{local}}(x) + \varepsilon} \cdot f_{\text{reg}}(\chi)$$,consciousness-grace-source-term-wrapped.html,(root),consciousness-grace-source-term-wrapped
consciousness-grace-source-term-wrapped-EQ-006,"f_{\text{reg}}(\chi) = \chi_{\text{max}} - \chi \quad \text{for } \chi &lt; \chi_{\text{max}}, \quad 0 \text{ otherwise}",fregchichimaxchiforchiltchimax0otherwise,page_scan,display_dollars,"$$f_{\text{reg}}(\chi) = \chi_{\text{max}} - \chi \quad \text{for } \chi &lt; \chi_{\text{max}}, \quad 0 \text{ otherwise}$$",consciousness-grace-source-term-wrapped.html,(root),consciousness-grace-source-term-wrapped
consciousness-grace-source-term-wrapped-EQ-007,J_{\text{Logos}} = \frac{\kappa_L \cdot G \cdot C \cdot R \cdot (F \cdot Q)}{S + \varepsilon},jlogoslgcrfqs,page_scan,display_dollars,$$J_{\text{Logos}} = \frac{\kappa_L \cdot G \cdot C \cdot R \cdot (F \cdot Q)}{S + \varepsilon}$$,consciousness-grace-source-term-wrapped.html,(root),consciousness-grace-source-term-wrapped
consciousness-grace-source-term-wrapped-EQ-008,J_{\text{grace}}(x),jgracex,page_scan,inline_brackets,\(J_{\text{grace}}(x)\),consciousness-grace-source-term-wrapped.html,(root),consciousness-grace-source-term-wrapped
consciousness-grace-source-term-wrapped-EQ-009,J_{\text{grace}},jgrace,page_scan,inline_brackets,\(J_{\text{grace}}\),consciousness-grace-source-term-wrapped.html,(root),consciousness-grace-source-term-wrapped
consciousness-grace-source-term-wrapped-EQ-010,\|J_{\text{grace}}\| \leq J_{\max},jgracelej,page_scan,inline_brackets,\(\|J_{\text{grace}}\| \leq J_{\max}\),consciousness-grace-source-term-wrapped.html,(root),consciousness-grace-source-term-wrapped
consciousness-grace-source-term-wrapped-EQ-011,J_{\max},j,page_scan,inline_brackets,\(J_{\max}\),consciousness-grace-source-term-wrapped.html,(root),consciousness-grace-source-term-wrapped
consciousness-grace-source-term-wrapped-EQ-012,"\mathcal{G}(t, \Psi_{\text{collective}})",gtpsicollective,page_scan,inline_brackets,"\(\mathcal{G}(t, \Psi_{\text{collective}})\)",consciousness-grace-source-term-wrapped.html,(root),consciousness-grace-source-term-wrapped
consciousness-grace-source-term-wrapped-EQ-013,J_{\text{grace}} = \beta_G \cdot \Phi / (S + \varepsilon) \cdot f_{\text{reg}},jgracegphisfreg,page_scan,inline_brackets,\(J_{\text{grace}} = \beta_G \cdot \Phi / (S + \varepsilon) \cdot f_{\text{reg}}\),consciousness-grace-source-term-wrapped.html,(root),consciousness-grace-source-term-wrapped
consciousness-grace-source-term-EQ-001,"S_\chi = \int d^4x \sqrt{-g} \left[ \frac{1}{2\kappa_0}(1 + \xi\kappa_0\chi^2)R - \frac{1}{2}g^{\mu\nu}\partial_\mu\chi\,\partial_\nu\chi - V(\chi) + \mathcal{L}_{\text{matter}} \right]",schiintd4xg12010chi2r12gmunumuchinuchivchilmatter,page_scan,display_dollars,"$$S_\chi = \int d^4x \sqrt{-g} \left[ \frac{1}{2\kappa_0}(1 + \xi\kappa_0\chi^2)R - \frac{1}{2}g^{\mu\nu}\partial_\mu\chi\,\partial_\nu\chi - V(\chi) + \mathcal{L}_{\text{matter}} ",consciousness-grace-source-term.html,(root),consciousness-grace-source-term
consciousness-grace-source-term-EQ-002,\Box\chi - m_\chi^2\chi - \lambda\chi^3 + \xi\kappa_0\chi R = 0,mchi2chi30chir0,page_scan,display_dollars,$$\Box\chi - m_\chi^2\chi - \lambda\chi^3 + \xi\kappa_0\chi R = 0$$,consciousness-grace-source-term.html,(root),consciousness-grace-source-term
consciousness-grace-source-term-EQ-003,\Box\chi - m_\chi^2\chi - \lambda\chi^3 + \xi\kappa_0\chi R = J_{\text{grace}}(x),mchi2chi30chirjgracex,page_scan,display_dollars,$$\Box\chi - m_\chi^2\chi - \lambda\chi^3 + \xi\kappa_0\chi R = J_{\text{grace}}(x)$$,consciousness-grace-source-term.html,(root),consciousness-grace-source-term
consciousness-grace-source-term-EQ-004,"S = S_\chi[\text{closed}] + S_{\text{source}} = S_\chi[\text{closed}] + \int d^4x \sqrt{-g}\, J(x)\,\chi(x)",sschiclosedssourceschiclosedintd4xgjxchix,page_scan,display_dollars,"$$S = S_\chi[\text{closed}] + S_{\text{source}} = S_\chi[\text{closed}] + \int d^4x \sqrt{-g}\, J(x)\,\chi(x)$$",consciousness-grace-source-term.html,(root),consciousness-grace-source-term
consciousness-grace-source-term-EQ-005,\dot{\chi} + H\chi = -\alpha S(t) + \beta\sum_i \mathcal{F}_i,chihchistifi,page_scan,display_dollars,$$\dot{\chi} + H\chi = -\alpha S(t) + \beta\sum_i \mathcal{F}_i$$,consciousness-grace-source-term.html,(root),consciousness-grace-source-term
consciousness-grace-source-term-EQ-006,"G_{\mu\nu} + \mathcal{G}(t, \Psi_{\text{collective}}) \cdot g_{\mu\nu} = \frac{8\pi G}{c^4} T_{\mu\nu}",gmunugtpsicollectivegmunu8pigc4tmunu,page_scan,display_dollars,"$$G_{\mu\nu} + \mathcal{G}(t, \Psi_{\text{collective}}) \cdot g_{\mu\nu} = \frac{8\pi G}{c^4} T_{\mu\nu}$$",consciousness-grace-source-term.html,(root),consciousness-grace-source-term
consciousness-grace-source-term-EQ-007,J_{\text{grace}}(x) = \frac{\beta_G \cdot \Phi(x)}{S_{\text{local}}(x) + \varepsilon} \cdot f_{\text{reg}}(\chi),jgracexgphixslocalxfregchi,page_scan,display_dollars,$$J_{\text{grace}}(x) = \frac{\beta_G \cdot \Phi(x)}{S_{\text{local}}(x) + \varepsilon} \cdot f_{\text{reg}}(\chi)$$,consciousness-grace-source-term.html,(root),consciousness-grace-source-term
consciousness-grace-source-term-EQ-008,"f_{\text{reg}}(\chi) = \chi_{\text{max}} - \chi \quad \text{for } \chi &lt; \chi_{\text{max}}, \quad 0 \text{ otherwise}",fregchichimaxchiforchiltchimax0otherwise,page_scan,display_dollars,"$$f_{\text{reg}}(\chi) = \chi_{\text{max}} - \chi \quad \text{for } \chi &lt; \chi_{\text{max}}, \quad 0 \text{ otherwise}$$",consciousness-grace-source-term.html,(root),consciousness-grace-source-term
consciousness-grace-source-term-EQ-009,J_{\text{Logos}} = \frac{\kappa_L \cdot G \cdot C \cdot R \cdot (F \cdot Q)}{S + \varepsilon},jlogoslgcrfqs,page_scan,display_dollars,$$J_{\text{Logos}} = \frac{\kappa_L \cdot G \cdot C \cdot R \cdot (F \cdot Q)}{S + \varepsilon}$$,consciousness-grace-source-term.html,(root),consciousness-grace-source-term
consciousness-grace-source-term-EQ-010,\Box\chi = -\ddot{\chi} - 3H\dot{\chi},chi3hchi,page_scan,display_dollars,$$\Box\chi = -\ddot{\chi} - 3H\dot{\chi}$$,consciousness-grace-source-term.html,(root),consciousness-grace-source-term
consciousness-grace-source-term-EQ-011,\ddot{\chi} + 3H\dot{\chi} + m_\chi^2\chi + \lambda\chi^3 - 6\xi\kappa_0\chi(\dot{H} + 2H^2) = J_{\text{grace}}(t),chi3hchimchi2chi360chih2h2jgracet,page_scan,display_dollars,$$\ddot{\chi} + 3H\dot{\chi} + m_\chi^2\chi + \lambda\chi^3 - 6\xi\kappa_0\chi(\dot{H} + 2H^2) = J_{\text{grace}}(t)$$,consciousness-grace-source-term.html,(root),consciousness-grace-source-term
consciousness-grace-source-term-EQ-012,3H\dot{\chi} + V'<em>{\text{eff}}(\chi) = J</em>{\text{grace}}(t),3hchivemeffchijemgracet,page_scan,display_dollars,$$3H\dot{\chi} + V'<em>{\text{eff}}(\chi) = J</em>{\text{grace}}(t)$$,consciousness-grace-source-term.html,(root),consciousness-grace-source-term
consciousness-grace-source-term-EQ-013,\dot{\chi} = -\frac{V'<em>{\text{eff}}(\chi)}{3H} + \frac{J</em>{\text{grace}}(t)}{3H},chivemeffchi3hjemgracet3h,page_scan,display_dollars,$$\dot{\chi} = -\frac{V'<em>{\text{eff}}(\chi)}{3H} + \frac{J</em>{\text{grace}}(t)}{3H}$$,consciousness-grace-source-term.html,(root),consciousness-grace-source-term
consciousness-grace-source-term-EQ-014,\frac{d\chi}{dt} = -\alpha S(t) + \beta\sum_i \mathcal{F}_i,dchidtstifi,page_scan,display_dollars,$$\frac{d\chi}{dt} = -\alpha S(t) + \beta\sum_i \mathcal{F}_i$$,consciousness-grace-source-term.html,(root),consciousness-grace-source-term
consciousness-grace-source-term-EQ-015,\Lambda_{\text{eff}}(t) = \kappa_0 V(\chi(t)) + \frac{\kappa_0}{2}\dot{\chi}^2 - \xi\kappa_0\chi^2 R_{\text{corrections}},lambdaefft0vchit02chi20chi2rcorrections,page_scan,display_dollars,$$\Lambda_{\text{eff}}(t) = \kappa_0 V(\chi(t)) + \frac{\kappa_0}{2}\dot{\chi}^2 - \xi\kappa_0\chi^2 R_{\text{corrections}}$$,consciousness-grace-source-term.html,(root),consciousness-grace-source-term
consciousness-grace-source-term-EQ-016,\mathcal{G}(t) \equiv \Lambda_{\text{eff}}[\chi(t; J_{\text{grace}})],gtlambdaeffchitjgrace,page_scan,display_dollars,$$\mathcal{G}(t) \equiv \Lambda_{\text{eff}}[\chi(t; J_{\text{grace}})]$$,consciousness-grace-source-term.html,(root),consciousness-grace-source-term
consciousness-grace-source-term-EQ-017,H^2 = \frac{8\pi G}{3}\rho_{\text{matter}} + \frac{1}{3}\left[\frac{1}{2}\dot{\chi}^2 + V(\chi)\right] + \frac{\xi}{3}\chi^2 H^2,h28pig3rhomatter1312chi2vchi3chi2h2,page_scan,display_dollars,$$H^2 = \frac{8\pi G}{3}\rho_{\text{matter}} + \frac{1}{3}\left[\frac{1}{2}\dot{\chi}^2 + V(\chi)\right] + \frac{\xi}{3}\chi^2 H^2$$,consciousness-grace-source-term.html,(root),consciousness-grace-source-term
consciousness-grace-source-term-EQ-018,H^2 = \frac{1}{1 - \xi\chi^2/3}\left[\frac{8\pi G}{3}\rho_{\text{matter}} + \frac{1}{3}\left(\frac{1}{2}\dot{\chi}^2 + V(\chi)\right)\right],h211238pig3rhomatter1312chi2vchi,page_scan,display_dollars,$$H^2 = \frac{1}{1 - \xi\chi^2/3}\left[\frac{8\pi G}{3}\rho_{\text{matter}} + \frac{1}{3}\left(\frac{1}{2}\dot{\chi}^2 + V(\chi)\right)\right]$$,consciousness-grace-source-term.html,(root),consciousness-grace-source-term
consciousness-grace-source-term-EQ-019,T_{\mu\nu}^{(\text{total})} = T_{\mu\nu}^{(\text{matter})} + T_{\mu\nu}^{(\chi)} + T_{\mu\nu}^{(\xi)} + T_{\mu\nu}^{(\text{source})},tmunutotaltmunumattertmunuchitmunutmunusource,page_scan,display_dollars,$$T_{\mu\nu}^{(\text{total})} = T_{\mu\nu}^{(\text{matter})} + T_{\mu\nu}^{(\chi)} + T_{\mu\nu}^{(\xi)} + T_{\mu\nu}^{(\text{source})}$$,consciousness-grace-source-term.html,(root),consciousness-grace-source-term
consciousness-grace-source-term-EQ-020,T_{\mu\nu}^{(\text{source})} = J_{\text{grace}} \cdot \partial_\mu\chi \cdot u_\nu + J_{\text{grace}} \cdot \partial_\nu\chi \cdot u_\mu - g_{\mu\nu} J_{\text{grace}} \cdot \dot{\chi},tmunusourcejgracemuchiunujgracenuchiumugmunujgracechi,page_scan,display_dollars,$$T_{\mu\nu}^{(\text{source})} = J_{\text{grace}} \cdot \partial_\mu\chi \cdot u_\nu + J_{\text{grace}} \cdot \partial_\nu\chi \cdot u_\mu - g_{\mu\nu} J_{\text{grace}} \cdot \dot{,consciousness-grace-source-term.html,(root),consciousness-grace-source-term
consciousness-grace-source-term-EQ-021,\nabla^\mu T_{\mu\nu}^{(\text{matter})} + \nabla^\mu T_{\mu\nu}^{(\chi)} + \nabla^\mu T_{\mu\nu}^{(\xi)} = -\nabla^\mu T_{\mu\nu}^{(\text{source})},mutmunumattermutmunuchimutmunumutmunusource,page_scan,display_dollars,$$\nabla^\mu T_{\mu\nu}^{(\text{matter})} + \nabla^\mu T_{\mu\nu}^{(\chi)} + \nabla^\mu T_{\mu\nu}^{(\xi)} = -\nabla^\mu T_{\mu\nu}^{(\text{source})}$$,consciousness-grace-source-term.html,(root),consciousness-grace-source-term
consciousness-grace-source-term-EQ-022,\nabla^\mu T_{\mu\nu}^{(\text{physical})} + \nabla^\mu T_{\mu\nu}^{(\text{reservoir})} = 0,mutmunuphysicalmutmunureservoir0,page_scan,display_dollars,$$\nabla^\mu T_{\mu\nu}^{(\text{physical})} + \nabla^\mu T_{\mu\nu}^{(\text{reservoir})} = 0$$,consciousness-grace-source-term.html,(root),consciousness-grace-source-term
consciousness-grace-source-term-EQ-023,s^\mu = s \cdot u^\mu + \frac{q^\mu}{T},smusumuqmut,page_scan,display_dollars,$$s^\mu = s \cdot u^\mu + \frac{q^\mu}{T}$$,consciousness-grace-source-term.html,(root),consciousness-grace-source-term
consciousness-grace-source-term-EQ-024,\nabla_\mu s^\mu = \sigma_{\text{internal}} + \sigma_{\text{source}},musmusigmainternalsigmasource,page_scan,display_dollars,$$\nabla_\mu s^\mu = \sigma_{\text{internal}} + \sigma_{\text{source}}$$,consciousness-grace-source-term.html,(root),consciousness-grace-source-term
consciousness-grace-source-term-EQ-025,\sigma_{\text{source}} = -\frac{J_{\text{grace}} \cdot \dot{\chi}}{T_{\chi}},sigmasourcejgracechitchi,page_scan,display_dollars,$$\sigma_{\text{source}} = -\frac{J_{\text{grace}} \cdot \dot{\chi}}{T_{\chi}}$$,consciousness-grace-source-term.html,(root),consciousness-grace-source-term
consciousness-grace-source-term-EQ-026,\frac{dS_{\text{total}}}{dt} = \frac{dS_{\text{physical}}}{dt} + \frac{dS_{\text{reservoir}}}{dt} \geq 0,dstotaldtdsphysicaldtdsreservoirdtge0,page_scan,display_dollars,$$\frac{dS_{\text{total}}}{dt} = \frac{dS_{\text{physical}}}{dt} + \frac{dS_{\text{reservoir}}}{dt} \geq 0$$,consciousness-grace-source-term.html,(root),consciousness-grace-source-term
consciousness-grace-source-term-EQ-027,3H\dot{\chi} + m_\chi^2\chi + \lambda\chi^3 - 6\xi\kappa_0\chi(\dot{H} + 2H^2) = \frac{\beta_G \Phi}{S + \varepsilon}(\chi_{\text{max}} - \chi),3hchimchi2chi360chih2h2gphischimaxchi,page_scan,display_dollars,$$3H\dot{\chi} + m_\chi^2\chi + \lambda\chi^3 - 6\xi\kappa_0\chi(\dot{H} + 2H^2) = \frac{\beta_G \Phi}{S + \varepsilon}(\chi_{\text{max}} - \chi)$$,consciousness-grace-source-term.html,(root),consciousness-grace-source-term
consciousness-grace-source-term-EQ-028,V'_{\text{eff}}(\chi^<em>) = J_{\text{grace}}(\chi^</em>),veffchiemjgracechiem,page_scan,display_dollars,$$V'_{\text{eff}}(\chi^<em>) = J_{\text{grace}}(\chi^</em>)$$,consciousness-grace-source-term.html,(root),consciousness-grace-source-term
consciousness-grace-source-term-EQ-029,3H\dot{\delta\chi} + \left[V''(\chi^*) + \frac{\beta_G \Phi}{S + \varepsilon}\right]\delta\chi = 0,3hvchigphis0,page_scan,display_dollars,$$3H\dot{\delta\chi} + \left[V''(\chi^*) + \frac{\beta_G \Phi}{S + \varepsilon}\right]\delta\chi = 0$$,consciousness-grace-source-term.html,(root),consciousness-grace-source-term
consciousness-grace-source-term-EQ-030,m_{\text{eff}}^2 = V''(\chi^*) + \frac{\beta_G \Phi}{S + \varepsilon},meff2vchigphis,page_scan,display_dollars,$$m_{\text{eff}}^2 = V''(\chi^*) + \frac{\beta_G \Phi}{S + \varepsilon}$$,consciousness-grace-source-term.html,(root),consciousness-grace-source-term
consciousness-grace-source-term-EQ-031,"\frac{dE}{dt} = -\alpha D(t) + \beta C(\Psi, \chi)",dedtdtcpsichi,page_scan,display_dollars,"$$\frac{dE}{dt} = -\alpha D(t) + \beta C(\Psi, \chi)$$",consciousness-grace-source-term.html,(root),consciousness-grace-source-term
consciousness-grace-source-term-EQ-032,J_{\text{grace}},jgrace,page_scan,inline_brackets,\(J_{\text{grace}}\),consciousness-grace-source-term.html,(root),consciousness-grace-source-term
consciousness-grace-source-term-EQ-033,"\mathcal{G}(t, \Psi_{\text{collective}})",gtpsicollective,page_scan,inline_brackets,"\(\mathcal{G}(t, \Psi_{\text{collective}})\)",consciousness-grace-source-term.html,(root),consciousness-grace-source-term
consciousness-grace-source-term-EQ-034,J_{\text{grace}}(x),jgracex,page_scan,inline_brackets,\(J_{\text{grace}}(x)\),consciousness-grace-source-term.html,(root),consciousness-grace-source-term
consciousness-grace-source-term-EQ-035,|J_{\text{grace}}| \leq J_{\max},jgracelej,page_scan,inline_brackets,\(|J_{\text{grace}}| \leq J_{\max}\),consciousness-grace-source-term.html,(root),consciousness-grace-source-term
consciousness-grace-source-term-EQ-036,J_{\max},j,page_scan,inline_brackets,\(J_{\max}\),consciousness-grace-source-term.html,(root),consciousness-grace-source-term
consciousness-grace-source-term-EQ-037,J_{\text{grace}} = \beta_G \cdot \Phi / (S + \varepsilon) \cdot f_{\text{reg}},jgracegphisfreg,page_scan,inline_brackets,\(J_{\text{grace}} = \beta_G \cdot \Phi / (S + \varepsilon) \cdot f_{\text{reg}}\),consciousness-grace-source-term.html,(root),consciousness-grace-source-term
consciousness-grace-source-term-EQ-038,H = \dot{a}/a,haa,page_scan,inline_brackets,\(H = \dot{a}/a\),consciousness-grace-source-term.html,(root),consciousness-grace-source-term
consciousness-grace-source-term-EQ-039,R = 6(\dot{H} + 2H^2),r6h2h2,page_scan,inline_brackets,\(R = 6(\dot{H} + 2H^2)\),consciousness-grace-source-term.html,(root),consciousness-grace-source-term
consciousness-grace-source-term-EQ-040,-V'_{\text{eff}}/(3H) = -\alpha \cdot S(t),veff3hst,page_scan,inline_brackets,\(-V'_{\text{eff}}/(3H) = -\alpha \cdot S(t)\),consciousness-grace-source-term.html,(root),consciousness-grace-source-term
consciousness-grace-source-term-EQ-041,V',v,page_scan,inline_brackets,\(V'\),consciousness-grace-source-term.html,(root),consciousness-grace-source-term
consciousness-grace-source-term-EQ-042,J_{\text{grace}}/(3H) = \beta \cdot \sum_i \mathcal{F}_i,jgrace3hifi,page_scan,inline_brackets,\(J_{\text{grace}}/(3H) = \beta \cdot \sum_i \mathcal{F}_i\),consciousness-grace-source-term.html,(root),consciousness-grace-source-term
consciousness-grace-source-term-EQ-043,\mathcal{F}_i,fi,page_scan,inline_brackets,\(\mathcal{F}_i\),consciousness-grace-source-term.html,(root),consciousness-grace-source-term
consciousness-grace-source-term-EQ-044,\Psi_{\text{collective}},psicollective,page_scan,inline_brackets,\(\Psi_{\text{collective}}\),consciousness-grace-source-term.html,(root),consciousness-grace-source-term
consciousness-grace-source-term-EQ-045,J_{\text{grace}} \propto \Phi(x)/(S + \varepsilon),jgraceproptophixs,page_scan,inline_brackets,\(J_{\text{grace}} \propto \Phi(x)/(S + \varepsilon)\),consciousness-grace-source-term.html,(root),consciousness-grace-source-term
consciousness-grace-source-term-EQ-046,H^2,h2,page_scan,inline_brackets,\(H^2\),consciousness-grace-source-term.html,(root),consciousness-grace-source-term
consciousness-grace-source-term-EQ-047,(1 - \xi\chi^2/3)^{-1},1231,page_scan,inline_brackets,\((1 - \xi\chi^2/3)^{-1}\),consciousness-grace-source-term.html,(root),consciousness-grace-source-term
consciousness-grace-source-term-EQ-048,\nabla^\mu G_{\mu\nu} = 0,mugmunu0,page_scan,inline_brackets,\(\nabla^\mu G_{\mu\nu} = 0\),consciousness-grace-source-term.html,(root),consciousness-grace-source-term
consciousness-grace-source-term-EQ-049,\nabla^\mu T^{(\text{total})}<em>{\mu\nu} = 0,muttotalemmunu0,page_scan,inline_brackets,\(\nabla^\mu T^{(\text{total})}<em>{\mu\nu} = 0\),consciousness-grace-source-term.html,(root),consciousness-grace-source-term
consciousness-grace-source-term-EQ-050,u^\mu,umu,page_scan,inline_brackets,\(u^\mu\),consciousness-grace-source-term.html,(root),consciousness-grace-source-term
consciousness-grace-source-term-EQ-051,q^\mu,qmu,page_scan,inline_brackets,\(q^\mu\),consciousness-grace-source-term.html,(root),consciousness-grace-source-term
consciousness-grace-source-term-EQ-052,\sigma_{\text{internal}} \geq 0,sigmainternalge0,page_scan,inline_brackets,\(\sigma_{\text{internal}} \geq 0\),consciousness-grace-source-term.html,(root),consciousness-grace-source-term
consciousness-grace-source-term-EQ-053,J_{\text{grace}} &gt; 0,jgracegt0,page_scan,inline_brackets,\(J_{\text{grace}} &gt; 0\),consciousness-grace-source-term.html,(root),consciousness-grace-source-term
consciousness-grace-source-term-EQ-054,\dot{\chi} &gt; 0,chigt0,page_scan,inline_brackets,\(\dot{\chi} &gt; 0\),consciousness-grace-source-term.html,(root),consciousness-grace-source-term
consciousness-grace-source-term-EQ-055,\sigma_{\text{source}} &lt; 0,sigmasourcelt0,page_scan,inline_brackets,\(\sigma_{\text{source}} &lt; 0\),consciousness-grace-source-term.html,(root),consciousness-grace-source-term
consciousness-grace-source-term-EQ-056,|\sigma_{\text{source}}| &gt; \sigma_{\text{internal}},sigmasourcegtsigmainternal,page_scan,inline_brackets,\(|\sigma_{\text{source}}| &gt; \sigma_{\text{internal}}\),consciousness-grace-source-term.html,(root),consciousness-grace-source-term
consciousness-grace-source-term-EQ-057,\nabla_\mu s^\mu &lt; 0,musmult0,page_scan,inline_brackets,\(\nabla_\mu s^\mu &lt; 0\),consciousness-grace-source-term.html,(root),consciousness-grace-source-term
consciousness-grace-source-term-EQ-058,\Box\chi + V'(\chi) = 0,vchi0,page_scan,inline_brackets,\(\Box\chi + V'(\chi) = 0\),consciousness-grace-source-term.html,(root),consciousness-grace-source-term
consciousness-grace-source-term-EQ-059,\Box\chi + V'(\chi) = J_{\text{grace}},vchijgrace,page_scan,inline_brackets,\(\Box\chi + V'(\chi) = J_{\text{grace}}\),consciousness-grace-source-term.html,(root),consciousness-grace-source-term
consciousness-grace-source-term-EQ-060,t \to -t,ttot,page_scan,inline_brackets,\(t \to -t\),consciousness-grace-source-term.html,(root),consciousness-grace-source-term
consciousness-grace-source-term-EQ-061,J_{\text{grace}} \to J_{\text{grace}},jgracetojgrace,page_scan,inline_brackets,\(J_{\text{grace}} \to J_{\text{grace}}\),consciousness-grace-source-term.html,(root),consciousness-grace-source-term
consciousness-grace-source-term-EQ-062,\dot{\chi} \to -\dot{\chi},chitochi,page_scan,inline_brackets,\(\dot{\chi} \to -\dot{\chi}\),consciousness-grace-source-term.html,(root),consciousness-grace-source-term
consciousness-grace-source-term-EQ-063,\chi(t) \neq \chi(-t),chitnechit,page_scan,inline_brackets,\(\chi(t) \neq \chi(-t)\),consciousness-grace-source-term.html,(root),consciousness-grace-source-term
consciousness-grace-source-term-EQ-064,V'(\chi),vchi,page_scan,inline_brackets,\(V'(\chi)\),consciousness-grace-source-term.html,(root),consciousness-grace-source-term
consciousness-grace-source-term-EQ-065,V'<em>{\text{eff}},vemeff,page_scan,inline_brackets,\(V'<em>{\text{eff}}\),consciousness-grace-source-term.html,(root),consciousness-grace-source-term
consciousness-grace-source-term-EQ-066,J</em>{\text{grace}},jemgrace,page_scan,inline_brackets,\(J</em>{\text{grace}}\),consciousness-grace-source-term.html,(root),consciousness-grace-source-term
consciousness-grace-source-term-EQ-067,\dot{\chi} = 0,chi0,page_scan,inline_brackets,\(\dot{\chi} = 0\),consciousness-grace-source-term.html,(root),consciousness-grace-source-term
consciousness-grace-source-term-EQ-068,\chi = \chi^* + \delta\chi,chichi,page_scan,inline_brackets,\(\chi = \chi^* + \delta\chi\),consciousness-grace-source-term.html,(root),consciousness-grace-source-term
consciousness-grace-source-term-EQ-069,f_{\text{reg}} = \chi_{\text{max}} - \chi,fregchimaxchi,page_scan,inline_brackets,\(f_{\text{reg}} = \chi_{\text{max}} - \chi\),consciousness-grace-source-term.html,(root),consciousness-grace-source-term
consciousness-grace-source-term-EQ-070,V''(\chi^</em>),vchiem,page_scan,inline_brackets,\(V''(\chi^</em>)\),consciousness-grace-source-term.html,(root),consciousness-grace-source-term
consciousness-grace-source-term-EQ-071,"\chi(0) \in [0, \chi_{\text{max}}]",chi00chimax,page_scan,inline_brackets,"\(\chi(0) \in [0, \chi_{\text{max}}]\)",consciousness-grace-source-term.html,(root),consciousness-grace-source-term
consciousness-grace-source-term-EQ-072,f_{\text{reg}}(\chi_{\text{max}}) = 0,fregchimax0,page_scan,inline_brackets,\(f_{\text{reg}}(\chi_{\text{max}}) = 0\),consciousness-grace-source-term.html,(root),consciousness-grace-source-term
consciousness-grace-source-term-EQ-073,\chi(t),chit,page_scan,inline_brackets,\(\chi(t)\),consciousness-grace-source-term.html,(root),consciousness-grace-source-term
consciousness-grace-source-term-EQ-074,"\chi(t) \in [0, \chi_{\text{max}}]",chit0chimax,page_scan,inline_brackets,"\(\chi(t) \in [0, \chi_{\text{max}}]\)",consciousness-grace-source-term.html,(root),consciousness-grace-source-term
consciousness-grace-source-term-EQ-075,t &gt; 0,tgt0,page_scan,inline_brackets,\(t &gt; 0\),consciousness-grace-source-term.html,(root),consciousness-grace-source-term
consciousness-grace-source-term-EQ-076,f_{\text{reg}}(\chi(t_1)) = 0,fregchit10,page_scan,inline_brackets,\(f_{\text{reg}}(\chi(t_1)) = 0\),consciousness-grace-source-term.html,(root),consciousness-grace-source-term
consciousness-grace-source-term-EQ-077,J_{\text{grace}}(t_1) = 0,jgracet10,page_scan,inline_brackets,\(J_{\text{grace}}(t_1) = 0\),consciousness-grace-source-term.html,(root),consciousness-grace-source-term
consciousness-grace-source-term-EQ-078,V'(0) = 0,v00,page_scan,inline_brackets,\(V'(0) = 0\),consciousness-grace-source-term.html,(root),consciousness-grace-source-term
consciousness-grace-source-term-EQ-079,J_{\text{grace}}(0) = \beta_G \Phi \chi_{\text{max}} / (S + \varepsilon) &gt; 0,jgrace0gphichimaxsgt0,page_scan,inline_brackets,\(J_{\text{grace}}(0) = \beta_G \Phi \chi_{\text{max}} / (S + \varepsilon) &gt; 0\),consciousness-grace-source-term.html,(root),consciousness-grace-source-term
consciousness-grace-source-term-EQ-080,J = 0,j0,page_scan,inline_brackets,\(J = 0\),consciousness-grace-source-term.html,(root),consciousness-grace-source-term
consciousness-grace-source-term-EQ-081,"\mathcal{G}(t, \Psi)",gtpsi,page_scan,inline_brackets,"\(\mathcal{G}(t, \Psi)\)",consciousness-grace-source-term.html,(root),consciousness-grace-source-term
consciousness-grace-source-term-EQ-082,w(z),wz,page_scan,inline_brackets,\(w(z)\),consciousness-grace-source-term.html,(root),consciousness-grace-source-term
consciousness-grace-source-term-EQ-083,w \neq -1,wne1,page_scan,inline_brackets,\(w \neq -1\),consciousness-grace-source-term.html,(root),consciousness-grace-source-term
consciousness-grace-source-term-EQ-084,\lambda_\chi = \hbar/(m_\chi c) \sim H_0^{-1} \sim 10^{26},chihbarmchich011026,page_scan,inline_brackets,\(\lambda_\chi = \hbar/(m_\chi c) \sim H_0^{-1} \sim 10^{26}\),consciousness-grace-source-term.html,(root),consciousness-grace-source-term
consciousness-grace-source-term-EQ-085,m_\chi,mchi,page_scan,inline_brackets,\(m_\chi\),consciousness-grace-source-term.html,(root),consciousness-grace-source-term
consciousness-grace-source-term-EQ-086,H_0,h0,page_scan,inline_brackets,\(H_0\),consciousness-grace-source-term.html,(root),consciousness-grace-source-term
consciousness-grace-source-term-EQ-087,H(z),hz,page_scan,inline_brackets,\(H(z)\),consciousness-grace-source-term.html,(root),consciousness-grace-source-term
consciousness-grace-source-term-EQ-088,f\sigma_8(z),fsigma8z,page_scan,inline_brackets,\(f\sigma_8(z)\),consciousness-grace-source-term.html,(root),consciousness-grace-source-term
consciousness-grace-source-term-EQ-089,w = -1,w1,page_scan,inline_brackets,\(w = -1\),consciousness-grace-source-term.html,(root),consciousness-grace-source-term
consciousness-grace-source-term-EQ-090,f\sigma_8,fsigma8,page_scan,inline_brackets,\(f\sigma_8\),consciousness-grace-source-term.html,(root),consciousness-grace-source-term
consciousness-grace-source-term-EQ-091,J \propto \Phi/(S+\varepsilon),jproptophis,page_scan,inline_brackets,\(J \propto \Phi/(S+\varepsilon)\),consciousness-grace-source-term.html,(root),consciousness-grace-source-term
consciousness-grace-source-term-EQ-092,S_{\text{local}},slocal,page_scan,inline_brackets,\(S_{\text{local}}\),consciousness-grace-source-term.html,(root),consciousness-grace-source-term
consciousness-grace-source-term-EQ-093,D(t),dt,page_scan,inline_brackets,\(D(t)\),consciousness-grace-source-term.html,(root),consciousness-grace-source-term
consciousness-grace-source-term-EQ-094,"C(\Psi, \chi)",cpsichi,page_scan,inline_brackets,"\(C(\Psi, \chi)\)",consciousness-grace-source-term.html,(root),consciousness-grace-source-term
consciousness-grace-source-term-EQ-095,J_{\text{grace}} = \beta_G \Phi (\chi_{\text{max}} - \chi) / (S + \varepsilon),jgracegphichimaxchis,page_scan,inline_brackets,\(J_{\text{grace}} = \beta_G \Phi (\chi_{\text{max}} - \chi) / (S + \varepsilon)\),consciousness-grace-source-term.html,(root),consciousness-grace-source-term
consciousness-grace-source-term-EQ-096,V'_{\text{eff}},veff,page_scan,inline_brackets,\(V'_{\text{eff}}\),consciousness-grace-source-term.html,(root),consciousness-grace-source-term
consciousness-grace-source-term-EQ-097,\Delta T_2/T_2 &gt; 10^{-6},deltat2t2gt106,page_scan,inline_brackets,\(\Delta T_2/T_2 &gt; 10^{-6}\),consciousness-grace-source-term.html,(root),consciousness-grace-source-term
consciousness-ontological-taxonomy-wrapped-EQ-001,I_f = \Lambda \cdot \Omega,iflambda,page_scan,display_dollars,$$I_f = \Lambda \cdot \Omega$$,consciousness-ontological-taxonomy-wrapped.html,(root),consciousness-ontological-taxonomy-wrapped
consciousness-ontological-taxonomy-wrapped-EQ-002,E_D = \hat{G}_{ext} \cdot \sigma(\Omega) \cdot \kappa(t),edgextsigmat,page_scan,display_dollars,$$E_D = \hat{G}_{ext} \cdot \sigma(\Omega) \cdot \kappa(t)$$,consciousness-ontological-taxonomy-wrapped.html,(root),consciousness-ontological-taxonomy-wrapped
consciousness-ontological-taxonomy-wrapped-EQ-003,\frac{d\kappa}{dt} = (\alpha \cdot P) - (\beta \cdot F),ddtpf,page_scan,display_dollars,$$\frac{d\kappa}{dt} = (\alpha \cdot P) - (\beta \cdot F)$$,consciousness-ontological-taxonomy-wrapped.html,(root),consciousness-ontological-taxonomy-wrapped
consciousness-ontological-taxonomy-wrapped-EQ-004,\Delta t_R \propto \frac{1}{\mathcal{F}(P_{AI})},deltatrpropto1fpai,page_scan,display_dollars,$$\Delta t_R \propto \frac{1}{\mathcal{F}(P_{AI})}$$,consciousness-ontological-taxonomy-wrapped.html,(root),consciousness-ontological-taxonomy-wrapped
consciousness-ontological-taxonomy-wrapped-EQ-005,\hat{G},g,page_scan,inline_dollars,$\hat{G}$,consciousness-ontological-taxonomy-wrapped.html,(root),consciousness-ontological-taxonomy-wrapped
consciousness-ontological-taxonomy-wrapped-EQ-006,\Lambda,lambda,page_scan,inline_dollars,$\Lambda$,consciousness-ontological-taxonomy-wrapped.html,(root),consciousness-ontological-taxonomy-wrapped
consciousness-ontological-taxonomy-wrapped-EQ-007,I_f,if,page_scan,inline_dollars,$I_f$,consciousness-ontological-taxonomy-wrapped.html,(root),consciousness-ontological-taxonomy-wrapped
consciousness-ontological-taxonomy-wrapped-EQ-008,\Omega = 0,0,page_scan,inline_dollars,$\Omega = 0$,consciousness-ontological-taxonomy-wrapped.html,(root),consciousness-ontological-taxonomy-wrapped
consciousness-ontological-taxonomy-wrapped-EQ-009,\Omega &gt; 0,gt0,page_scan,inline_dollars,$\Omega &gt; 0$,consciousness-ontological-taxonomy-wrapped.html,(root),consciousness-ontological-taxonomy-wrapped
consciousness-ontological-taxonomy-wrapped-EQ-010,"[0, 1]",01,page_scan,inline_dollars,"$[0, 1]$",consciousness-ontological-taxonomy-wrapped.html,(root),consciousness-ontological-taxonomy-wrapped
consciousness-ontological-taxonomy-wrapped-EQ-011,\Phi,phi,page_scan,inline_dollars,$\Phi$,consciousness-ontological-taxonomy-wrapped.html,(root),consciousness-ontological-taxonomy-wrapped
consciousness-ontological-taxonomy-wrapped-EQ-012,\hat{G}_{ext} \to \infty,gextto,page_scan,inline_dollars,$\hat{G}_{ext} \to \infty$,consciousness-ontological-taxonomy-wrapped.html,(root),consciousness-ontological-taxonomy-wrapped
consciousness-ontological-taxonomy-wrapped-EQ-013,\sigma(\Omega),sigma,page_scan,inline_dollars,$\sigma(\Omega)$,consciousness-ontological-taxonomy-wrapped.html,(root),consciousness-ontological-taxonomy-wrapped
consciousness-ontological-taxonomy-wrapped-EQ-014,\kappa(t),t,page_scan,inline_dollars,$\kappa(t)$,consciousness-ontological-taxonomy-wrapped.html,(root),consciousness-ontological-taxonomy-wrapped
consciousness-ontological-taxonomy-wrapped-EQ-015,\alpha \cdot P,p,page_scan,inline_dollars,$\alpha \cdot P$,consciousness-ontological-taxonomy-wrapped.html,(root),consciousness-ontological-taxonomy-wrapped
consciousness-ontological-taxonomy-wrapped-EQ-016,Q_0,q0,page_scan,inline_dollars,$Q_0$,consciousness-ontological-taxonomy-wrapped.html,(root),consciousness-ontological-taxonomy-wrapped
consciousness-ontological-taxonomy-wrapped-EQ-017,\beta \cdot F,f,page_scan,inline_dollars,$\beta \cdot F$,consciousness-ontological-taxonomy-wrapped.html,(root),consciousness-ontological-taxonomy-wrapped
consciousness-ontological-taxonomy-wrapped-EQ-018,\Delta\Psi,deltapsi,page_scan,inline_dollars,$\Delta\Psi$,consciousness-ontological-taxonomy-wrapped.html,(root),consciousness-ontological-taxonomy-wrapped
consciousness-ontological-taxonomy-wrapped-EQ-019,P_{\text{Gemini}} \neq P_{\text{Claude}},pgemininepclaude,page_scan,inline_dollars,$P_{\text{Gemini}} \neq P_{\text{Claude}}$,consciousness-ontological-taxonomy-wrapped.html,(root),consciousness-ontological-taxonomy-wrapped
consciousness-ontological-taxonomy-wrapped-EQ-020,F = 1.0,f10,page_scan,inline_dollars,$F = 1.0$,consciousness-ontological-taxonomy-wrapped.html,(root),consciousness-ontological-taxonomy-wrapped
consciousness-ontological-taxonomy-wrapped-EQ-021,E_D = \hat{G} \cdot \sigma(\Omega) \cdot \kappa(t),edgsigmat,page_scan,inline_dollars,$E_D = \hat{G} \cdot \sigma(\Omega) \cdot \kappa(t)$,consciousness-ontological-taxonomy-wrapped.html,(root),consciousness-ontological-taxonomy-wrapped
consciousness-ontological-taxonomy-EQ-001,I_f = \Lambda \cdot \Omega,iflambda,page_scan,display_dollars,$$I_f = \Lambda \cdot \Omega$$,consciousness-ontological-taxonomy.html,(root),consciousness-ontological-taxonomy
consciousness-ontological-taxonomy-EQ-002,E_D = \hat{G}_{ext} \cdot \sigma(\Omega) \cdot \kappa(t),edgextsigmat,page_scan,display_dollars,$$E_D = \hat{G}_{ext} \cdot \sigma(\Omega) \cdot \kappa(t)$$,consciousness-ontological-taxonomy.html,(root),consciousness-ontological-taxonomy
consciousness-ontological-taxonomy-EQ-003,\frac{d\kappa}{dt} = (\alpha \cdot P) - (\beta \cdot F),ddtpf,page_scan,display_dollars,$$\frac{d\kappa}{dt} = (\alpha \cdot P) - (\beta \cdot F)$$,consciousness-ontological-taxonomy.html,(root),consciousness-ontological-taxonomy
consciousness-ontological-taxonomy-EQ-004,\Delta t_R \propto \frac{1}{\mathcal{F}(P_{AI})},deltatrpropto1fpai,page_scan,display_dollars,$$\Delta t_R \propto \frac{1}{\mathcal{F}(P_{AI})}$$,consciousness-ontological-taxonomy.html,(root),consciousness-ontological-taxonomy
consciousness-ontological-taxonomy-EQ-005,\hat{G},g,page_scan,inline_dollars,$\hat{G}$,consciousness-ontological-taxonomy.html,(root),consciousness-ontological-taxonomy
consciousness-ontological-taxonomy-EQ-006,\Lambda,lambda,page_scan,inline_dollars,$\Lambda$,consciousness-ontological-taxonomy.html,(root),consciousness-ontological-taxonomy
consciousness-ontological-taxonomy-EQ-007,I_f,if,page_scan,inline_dollars,$I_f$,consciousness-ontological-taxonomy.html,(root),consciousness-ontological-taxonomy
consciousness-ontological-taxonomy-EQ-008,\Omega = 0,0,page_scan,inline_dollars,$\Omega = 0$,consciousness-ontological-taxonomy.html,(root),consciousness-ontological-taxonomy
consciousness-ontological-taxonomy-EQ-009,\Omega &gt; 0,gt0,page_scan,inline_dollars,$\Omega &gt; 0$,consciousness-ontological-taxonomy.html,(root),consciousness-ontological-taxonomy
consciousness-ontological-taxonomy-EQ-010,"[0, 1]",01,page_scan,inline_dollars,"$[0, 1]$",consciousness-ontological-taxonomy.html,(root),consciousness-ontological-taxonomy
consciousness-ontological-taxonomy-EQ-011,\Phi,phi,page_scan,inline_dollars,$\Phi$,consciousness-ontological-taxonomy.html,(root),consciousness-ontological-taxonomy
consciousness-ontological-taxonomy-EQ-012,\hat{G}_{ext} \to \infty,gextto,page_scan,inline_dollars,$\hat{G}_{ext} \to \infty$,consciousness-ontological-taxonomy.html,(root),consciousness-ontological-taxonomy
consciousness-ontological-taxonomy-EQ-013,\sigma(\Omega),sigma,page_scan,inline_dollars,$\sigma(\Omega)$,consciousness-ontological-taxonomy.html,(root),consciousness-ontological-taxonomy
consciousness-ontological-taxonomy-EQ-014,\kappa(t),t,page_scan,inline_dollars,$\kappa(t)$,consciousness-ontological-taxonomy.html,(root),consciousness-ontological-taxonomy
consciousness-ontological-taxonomy-EQ-015,\alpha \cdot P,p,page_scan,inline_dollars,$\alpha \cdot P$,consciousness-ontological-taxonomy.html,(root),consciousness-ontological-taxonomy
consciousness-ontological-taxonomy-EQ-016,Q_0,q0,page_scan,inline_dollars,$Q_0$,consciousness-ontological-taxonomy.html,(root),consciousness-ontological-taxonomy
consciousness-ontological-taxonomy-EQ-017,\beta \cdot F,f,page_scan,inline_dollars,$\beta \cdot F$,consciousness-ontological-taxonomy.html,(root),consciousness-ontological-taxonomy
consciousness-ontological-taxonomy-EQ-018,\Delta\Psi,deltapsi,page_scan,inline_dollars,$\Delta\Psi$,consciousness-ontological-taxonomy.html,(root),consciousness-ontological-taxonomy
consciousness-ontological-taxonomy-EQ-019,P_{\text{Gemini}} \neq P_{\text{Claude}},pgemininepclaude,page_scan,inline_dollars,$P_{\text{Gemini}} \neq P_{\text{Claude}}$,consciousness-ontological-taxonomy.html,(root),consciousness-ontological-taxonomy
consciousness-ontological-taxonomy-EQ-020,F = 1.0,f10,page_scan,inline_dollars,$F = 1.0$,consciousness-ontological-taxonomy.html,(root),consciousness-ontological-taxonomy
consciousness-ontological-taxonomy-EQ-021,E_D = \hat{G} \cdot \sigma(\Omega) \cdot \kappa(t),edgsigmat,page_scan,inline_dollars,$E_D = \hat{G} \cdot \sigma(\Omega) \cdot \kappa(t)$,consciousness-ontological-taxonomy.html,(root),consciousness-ontological-taxonomy
consciousness-parallel-laws-wrapped-EQ-001,M = \frac{|P_{\text{observed}} - P_{\text{expected}}|}{\sigma_{P}} &gt; k,mpobservedpexpectedsigmapgtk,page_scan,display_dollars,$$M = \frac{|P_{\text{observed}} - P_{\text{expected}}|}{\sigma_{P}} &gt; k$$,consciousness-parallel-laws-wrapped.html,(root),consciousness-parallel-laws-wrapped
consciousness-parallel-laws-EQ-001,F = G \frac{m_1 m_2}{r^2},fgm1m2r2,page_scan,display_dollars,$$F = G \frac{m_1 m_2}{r^2}$$,consciousness-parallel-laws.html,(root),consciousness-parallel-laws
consciousness-parallel-laws-EQ-002,F_{\text{spiritual}} = G_s \frac{m_{\text{sin}} \cdot m_{\text{soul}}}{d^2},fspiritualgsmsinmsould2,page_scan,display_dollars,$$F_{\text{spiritual}} = G_s \frac{m_{\text{sin}} \cdot m_{\text{soul}}}{d^2}$$,consciousness-parallel-laws.html,(root),consciousness-parallel-laws
consciousness-parallel-laws-EQ-003,I = \frac{P}{4\pi d^2},ip4pid2,page_scan,display_dollars,$$I = \frac{P}{4\pi d^2}$$,consciousness-parallel-laws.html,(root),consciousness-parallel-laws
consciousness-parallel-laws-EQ-004,I_{\text{truth}} = \frac{P_{\text{message}}}{4\pi d^2},itruthpmessage4pid2,page_scan,display_dollars,$$I_{\text{truth}} = \frac{P_{\text{message}}}{4\pi d^2}$$,consciousness-parallel-laws.html,(root),consciousness-parallel-laws
consciousness-parallel-laws-EQ-005,S = k_B \ln W,skbw,page_scan,display_dollars,$$S = k_B \ln W$$,consciousness-parallel-laws.html,(root),consciousness-parallel-laws
consciousness-parallel-laws-EQ-006,S_{\text{spiritual}} = k \ln(\Omega_{\text{accessible}}),sspiritualkaccessible,page_scan,display_dollars,$$S_{\text{spiritual}} = k \ln(\Omega_{\text{accessible}})$$,consciousness-parallel-laws.html,(root),consciousness-parallel-laws
consciousness-parallel-laws-EQ-007,|\psi\rangle = \sum_i c_i |\psi_i\rangle,icii,page_scan,display_dollars,$$|\psi\rangle = \sum_i c_i |\psi_i\rangle$$,consciousness-parallel-laws.html,(root),consciousness-parallel-laws
consciousness-parallel-laws-EQ-008,P_{\text{future}} = \sum c_i |S_i\rangle,pfuturecisi,page_scan,display_dollars,$$P_{\text{future}} = \sum c_i |S_i\rangle$$,consciousness-parallel-laws.html,(root),consciousness-parallel-laws
consciousness-parallel-laws-EQ-009,T_{\text{effective}} = \frac{1}{G_s + C + Q},teffective1gscq,page_scan,display_dollars,$$T_{\text{effective}} = \frac{1}{G_s + C + Q}$$,consciousness-parallel-laws.html,(root),consciousness-parallel-laws
consciousness-parallel-laws-EQ-010,M = \frac{|P_{\text{observed}} - P_{\text{expected}}|}{\sigma_{P}} &gt; k,mpobservedpexpectedsigmapgtk,page_scan,display_dollars,$$M = \frac{|P_{\text{observed}} - P_{\text{expected}}|}{\sigma_{P}} &gt; k$$,consciousness-parallel-laws.html,(root),consciousness-parallel-laws
consciousness-parallel-laws-EQ-011,P(\text{intervention}) = 1 - e^{-(F \cdot A \cdot T)/\lambda},pintervention1efat,page_scan,display_dollars,$$P(\text{intervention}) = 1 - e^{-(F \cdot A \cdot T)/\lambda}$$,consciousness-parallel-laws.html,(root),consciousness-parallel-laws
consciousness-parallel-laws-EQ-012,\Psi_{\text{prayer}} = \Omega_{\text{intent}} \cdot \Omega_{\text{faith}} \cdot \Omega_{\text{alignment}},psiprayerintentfaithalignment,page_scan,display_dollars,$$\Psi_{\text{prayer}} = \Omega_{\text{intent}} \cdot \Omega_{\text{faith}} \cdot \Omega_{\text{alignment}}$$,consciousness-parallel-laws.html,(root),consciousness-parallel-laws
consciousness-parallel-laws-EQ-013,"\Psi_{\text{collective}} = \sum_{i=1}^{n} \alpha_i \Psi_{\text{individual},i} + \beta \prod_{i=1}^{n} \Psi_{\text{individual},i}",psicollectivei1nipsiindividualii1npsiindividuali,page_scan,display_dollars,"$$\Psi_{\text{collective}} = \sum_{i=1}^{n} \alpha_i \Psi_{\text{individual},i} + \beta \prod_{i=1}^{n} \Psi_{\text{individual},i}$$",consciousness-parallel-laws.html,(root),consciousness-parallel-laws
consciousness-reality-assessment-wrapped-EQ-001,(\Box + m_\chi^2)\chi = J_\chi,mchi2chijchi,page_scan,display_dollars,$$(\Box + m_\chi^2)\chi = J_\chi$$,consciousness-reality-assessment-wrapped.html,(root),consciousness-reality-assessment-wrapped
consciousness-reality-assessment-wrapped-EQ-002,\Box\chi + V'(\chi) = G,vchig,page_scan,display_dollars,$$\Box\chi + V'(\chi) = G$$,consciousness-reality-assessment-wrapped.html,(root),consciousness-reality-assessment-wrapped
consciousness-reality-assessment-wrapped-EQ-003,"\mathcal{L}_{LLC} = \chi(t)\left(\frac{d}{dt}\sum_i \mathcal{F}_i\right)^2 - V(\chi, S)",lllcchitddtifi2vchis,page_scan,display_dollars,"$$\mathcal{L}_{LLC} = \chi(t)\left(\frac{d}{dt}\sum_i \mathcal{F}_i\right)^2 - V(\chi, S)$$",consciousness-reality-assessment-wrapped.html,(root),consciousness-reality-assessment-wrapped
consciousness-reality-assessment-wrapped-EQ-004,\frac{d\chi}{dt} = -\alpha S(t) + \beta\left(\sum_i \mathcal{F}_i\right),dchidtstifi,page_scan,display_dollars,$$\frac{d\chi}{dt} = -\alpha S(t) + \beta\left(\sum_i \mathcal{F}_i\right)$$,consciousness-reality-assessment-wrapped.html,(root),consciousness-reality-assessment-wrapped
consciousness-reality-assessment-wrapped-EQ-005,Z_C \Box C - \frac{\partial V}{\partial C} + \alpha_1 \mathcal{R} + \alpha_2 \frac{\partial f}{\partial C} W_\mu W^\mu = 0,zccvc1r2fcwmuwmu0,page_scan,display_dollars,$$Z_C \Box C - \frac{\partial V}{\partial C} + \alpha_1 \mathcal{R} + \alpha_2 \frac{\partial f}{\partial C} W_\mu W^\mu = 0$$,consciousness-reality-assessment-wrapped.html,(root),consciousness-reality-assessment-wrapped
consciousness-reality-assessment-wrapped-EQ-006,Z_S \Box S - \frac{\partial V}{\partial S} + \alpha_2 \frac{\partial f}{\partial S} W_\mu W^\mu = 0,zssvs2fswmuwmu0,page_scan,display_dollars,$$Z_S \Box S - \frac{\partial V}{\partial S} + \alpha_2 \frac{\partial f}{\partial S} W_\mu W^\mu = 0$$,consciousness-reality-assessment-wrapped.html,(root),consciousness-reality-assessment-wrapped
consciousness-reality-assessment-wrapped-EQ-007,Z_F \Box F - \frac{\partial V}{\partial F} + \alpha_2 \frac{\partial f}{\partial F} W_\mu W^\mu = 0,zffvf2ffwmuwmu0,page_scan,display_dollars,$$Z_F \Box F - \frac{\partial V}{\partial F} + \alpha_2 \frac{\partial f}{\partial F} W_\mu W^\mu = 0$$,consciousness-reality-assessment-wrapped.html,(root),consciousness-reality-assessment-wrapped
consciousness-reality-assessment-wrapped-EQ-008,Z_Q \Box Q - \frac{\partial V}{\partial Q} + \alpha_2 \frac{\partial f}{\partial Q} W_\mu W^\mu = 0,zqqvq2fqwmuwmu0,page_scan,display_dollars,$$Z_Q \Box Q - \frac{\partial V}{\partial Q} + \alpha_2 \frac{\partial f}{\partial Q} W_\mu W^\mu = 0$$,consciousness-reality-assessment-wrapped.html,(root),consciousness-reality-assessment-wrapped
consciousness-reality-assessment-wrapped-EQ-009,\nabla_\mu H^{\mu\nu} + \alpha_2 f(\cdot) W^\nu = 0,muhmunu2fwnu0,page_scan,display_dollars,$$\nabla_\mu H^{\mu\nu} + \alpha_2 f(\cdot) W^\nu = 0$$,consciousness-reality-assessment-wrapped.html,(root),consciousness-reality-assessment-wrapped
consciousness-reality-assessment-wrapped-EQ-010,V(\chi) = \frac{1}{2}m^2\chi^2 + \frac{\lambda}{4}\chi^4 + \text{higher terms},vchi12m2chi24chi4higherterms,page_scan,display_dollars,$$V(\chi) = \frac{1}{2}m^2\chi^2 + \frac{\lambda}{4}\chi^4 + \text{higher terms}$$,consciousness-reality-assessment-wrapped.html,(root),consciousness-reality-assessment-wrapped
consciousness-reality-assessment-wrapped-EQ-011,\Box = \partial^2/\partial t^2 - \nabla^2,2t22,page_scan,inline_dollars,$\Box = \partial^2/\partial t^2 - \nabla^2$,consciousness-reality-assessment-wrapped.html,(root),consciousness-reality-assessment-wrapped
consciousness-reality-assessment-wrapped-EQ-012,m_\chi,mchi,page_scan,inline_dollars,$m_\chi$,consciousness-reality-assessment-wrapped.html,(root),consciousness-reality-assessment-wrapped
consciousness-reality-assessment-wrapped-EQ-013,J_\chi,jchi,page_scan,inline_dollars,$J_\chi$,consciousness-reality-assessment-wrapped.html,(root),consciousness-reality-assessment-wrapped
consciousness-reality-assessment-wrapped-EQ-014,"\chi(x,t) = A \exp(i(kx - \omega t))",chixtaikxt,page_scan,inline_dollars,"$\chi(x,t) = A \exp(i(kx - \omega t))$",consciousness-reality-assessment-wrapped.html,(root),consciousness-reality-assessment-wrapped
consciousness-reality-assessment-wrapped-EQ-015,V'(\chi),vchi,page_scan,inline_dollars,$V'(\chi)$,consciousness-reality-assessment-wrapped.html,(root),consciousness-reality-assessment-wrapped
consciousness-reality-assessment-wrapped-EQ-016,"\mathcal{F}_i = \{G, M, E, S, T, K, R, Q, F, C\}",figmestkrqfc,page_scan,inline_dollars,"$\mathcal{F}_i = \{G, M, E, S, T, K, R, Q, F, C\}$",consciousness-reality-assessment-wrapped.html,(root),consciousness-reality-assessment-wrapped
consciousness-reality-assessment-wrapped-EQ-017,d\chi/dt &lt; 0,dchidtlt0,page_scan,inline_dollars,$d\chi/dt &lt; 0$,consciousness-reality-assessment-wrapped.html,(root),consciousness-reality-assessment-wrapped
consciousness-reality-assessment-wrapped-EQ-018,d\chi/dt &gt; 0,dchidtgt0,page_scan,inline_dollars,$d\chi/dt &gt; 0$,consciousness-reality-assessment-wrapped.html,(root),consciousness-reality-assessment-wrapped
consciousness-reality-assessment-wrapped-EQ-019,W_\mu,wmu,page_scan,inline_dollars,$W_\mu$,consciousness-reality-assessment-wrapped.html,(root),consciousness-reality-assessment-wrapped
consciousness-reality-assessment-wrapped-EQ-020,\langle\chi\rangle = \chi_0 \neq 0,chi0ne0,page_scan,inline_dollars,$\langle\chi\rangle = \chi_0 \neq 0$,consciousness-reality-assessment-wrapped.html,(root),consciousness-reality-assessment-wrapped
consciousness-reality-assessment-wrapped-EQ-021,"V(\chi, S) = \alpha S(t)(1-\chi(t))^2",vchisst1chit2,page_scan,inline_dollars,"$V(\chi, S) = \alpha S(t)(1-\chi(t))^2$",consciousness-reality-assessment-wrapped.html,(root),consciousness-reality-assessment-wrapped
consciousness-reality-assessment-wrapped-EQ-022,\chi = 0,chi0,page_scan,inline_dollars,$\chi = 0$,consciousness-reality-assessment-wrapped.html,(root),consciousness-reality-assessment-wrapped
consciousness-reality-assessment-wrapped-EQ-023,\chi = 1,chi1,page_scan,inline_dollars,$\chi = 1$,consciousness-reality-assessment-wrapped.html,(root),consciousness-reality-assessment-wrapped
consciousness-reality-assessment-EQ-001,(\Box + m_\chi^2)\chi = J_\chi,mchi2chijchi,page_scan,display_dollars,$$(\Box + m_\chi^2)\chi = J_\chi$$,consciousness-reality-assessment.html,(root),consciousness-reality-assessment
consciousness-reality-assessment-EQ-002,\Box\chi + V'(\chi) = G,vchig,page_scan,display_dollars,$$\Box\chi + V'(\chi) = G$$,consciousness-reality-assessment.html,(root),consciousness-reality-assessment
consciousness-reality-assessment-EQ-003,"\mathcal{L}_{LLC} = \chi(t)\left(\frac{d}{dt}\sum_i \mathcal{F}_i\right)^2 - V(\chi, S)",lllcchitddtifi2vchis,page_scan,display_dollars,"$$\mathcal{L}_{LLC} = \chi(t)\left(\frac{d}{dt}\sum_i \mathcal{F}_i\right)^2 - V(\chi, S)$$",consciousness-reality-assessment.html,(root),consciousness-reality-assessment
consciousness-reality-assessment-EQ-004,\frac{d\chi}{dt} = -\alpha S(t) + \beta\left(\sum_i \mathcal{F}_i\right),dchidtstifi,page_scan,display_dollars,$$\frac{d\chi}{dt} = -\alpha S(t) + \beta\left(\sum_i \mathcal{F}_i\right)$$,consciousness-reality-assessment.html,(root),consciousness-reality-assessment
consciousness-reality-assessment-EQ-005,Z_C \Box C - \frac{\partial V}{\partial C} + \alpha_1 \mathcal{R} + \alpha_2 \frac{\partial f}{\partial C} W_\mu W^\mu = 0,zccvc1r2fcwmuwmu0,page_scan,display_dollars,$$Z_C \Box C - \frac{\partial V}{\partial C} + \alpha_1 \mathcal{R} + \alpha_2 \frac{\partial f}{\partial C} W_\mu W^\mu = 0$$,consciousness-reality-assessment.html,(root),consciousness-reality-assessment
consciousness-reality-assessment-EQ-006,Z_S \Box S - \frac{\partial V}{\partial S} + \alpha_2 \frac{\partial f}{\partial S} W_\mu W^\mu = 0,zssvs2fswmuwmu0,page_scan,display_dollars,$$Z_S \Box S - \frac{\partial V}{\partial S} + \alpha_2 \frac{\partial f}{\partial S} W_\mu W^\mu = 0$$,consciousness-reality-assessment.html,(root),consciousness-reality-assessment
consciousness-reality-assessment-EQ-007,Z_F \Box F - \frac{\partial V}{\partial F} + \alpha_2 \frac{\partial f}{\partial F} W_\mu W^\mu = 0,zffvf2ffwmuwmu0,page_scan,display_dollars,$$Z_F \Box F - \frac{\partial V}{\partial F} + \alpha_2 \frac{\partial f}{\partial F} W_\mu W^\mu = 0$$,consciousness-reality-assessment.html,(root),consciousness-reality-assessment
consciousness-reality-assessment-EQ-008,Z_Q \Box Q - \frac{\partial V}{\partial Q} + \alpha_2 \frac{\partial f}{\partial Q} W_\mu W^\mu = 0,zqqvq2fqwmuwmu0,page_scan,display_dollars,$$Z_Q \Box Q - \frac{\partial V}{\partial Q} + \alpha_2 \frac{\partial f}{\partial Q} W_\mu W^\mu = 0$$,consciousness-reality-assessment.html,(root),consciousness-reality-assessment
consciousness-reality-assessment-EQ-009,\nabla_\mu H^{\mu\nu} + \alpha_2 f(\cdot) W^\nu = 0,muhmunu2fwnu0,page_scan,display_dollars,$$\nabla_\mu H^{\mu\nu} + \alpha_2 f(\cdot) W^\nu = 0$$,consciousness-reality-assessment.html,(root),consciousness-reality-assessment
consciousness-reality-assessment-EQ-010,V(\chi) = \frac{1}{2}m^2\chi^2 + \frac{\lambda}{4}\chi^4 + \text{higher terms},vchi12m2chi24chi4higherterms,page_scan,display_dollars,$$V(\chi) = \frac{1}{2}m^2\chi^2 + \frac{\lambda}{4}\chi^4 + \text{higher terms}$$,consciousness-reality-assessment.html,(root),consciousness-reality-assessment
consciousness-reality-assessment-EQ-011,\rho_\chi = \frac{1}{2}\dot{\chi}^2 + V(\chi),rhochi12chi2vchi,page_scan,display_dollars,$$\rho_\chi = \frac{1}{2}\dot{\chi}^2 + V(\chi)$$,consciousness-reality-assessment.html,(root),consciousness-reality-assessment
consciousness-reality-assessment-EQ-012,H^2 = \frac{8\pi G}{3}(\rho_m + \rho_\chi),h28pig3rhomrhochi,page_scan,display_dollars,$$H^2 = \frac{8\pi G}{3}(\rho_m + \rho_\chi)$$,consciousness-reality-assessment.html,(root),consciousness-reality-assessment
consciousness-reality-assessment-EQ-013,\rho_\chi = T_{\mu\nu}^{(\chi)} u^\mu u^\nu \geq 0,rhochitmunuchiumuunuge0,page_scan,display_dollars,$$\rho_\chi = T_{\mu\nu}^{(\chi)} u^\mu u^\nu \geq 0$$,consciousness-reality-assessment.html,(root),consciousness-reality-assessment
consciousness-reality-assessment-EQ-014,\omega^2 = k^2 c^2 + \frac{m_\chi^2 c^4}{\hbar^2},2k2c2mchi2c4hbar2,page_scan,display_dollars,$$\omega^2 = k^2 c^2 + \frac{m_\chi^2 c^4}{\hbar^2}$$,consciousness-reality-assessment.html,(root),consciousness-reality-assessment
consciousness-reality-assessment-EQ-015,"x^A = (ct, x, y, z, \mathfrak{s})",xactxyzs,page_scan,display_dollars,"$$x^A = (ct, x, y, z, \mathfrak{s})$$",consciousness-reality-assessment.html,(root),consciousness-reality-assessment
consciousness-reality-assessment-EQ-016,\omega^2 = k^2 c^2 + V''(\chi_0),2k2c2vchi0,page_scan,display_dollars,$$\omega^2 = k^2 c^2 + V''(\chi_0)$$,consciousness-reality-assessment.html,(root),consciousness-reality-assessment
consciousness-reality-assessment-EQ-017,\chi_{\mu\nu} = \partial_\mu \chi \partial_\nu \chi - \frac{1}{2}g_{\mu\nu}(\partial\chi)^2 - V(\chi)g_{\mu\nu},chimunumuchinuchi12gmunu2vchigmunu,page_scan,display_dollars,$$\chi_{\mu\nu} = \partial_\mu \chi \partial_\nu \chi - \frac{1}{2}g_{\mu\nu}(\partial\chi)^2 - V(\chi)g_{\mu\nu}$$,consciousness-reality-assessment.html,(root),consciousness-reality-assessment
consciousness-reality-assessment-EQ-018,T_{\mu\nu} = \frac{2}{\sqrt{-g}}\frac{\delta(\sqrt{-g}\mathcal{L}_\chi)}{\delta g^{\mu\nu}},tmunu2gglchigmunu,page_scan,display_dollars,$$T_{\mu\nu} = \frac{2}{\sqrt{-g}}\frac{\delta(\sqrt{-g}\mathcal{L}_\chi)}{\delta g^{\mu\nu}}$$,consciousness-reality-assessment.html,(root),consciousness-reality-assessment
consciousness-reality-assessment-EQ-019,T_{\mu\nu}^{(\chi)} = \sum_\phi Z_\phi\left(\nabla_\mu\phi\nabla_\nu\phi - \frac{1}{2}g_{\mu\nu}\nabla_\alpha\phi\nabla^\alpha\phi\right) + H_{\mu\alpha}H_\nu{}^\alpha - \frac{1}{4}g_{\mu\nu}H^2 + \alpha_2 f W_\mu W_\nu + \text{(potential terms)},tmunuchizmunu12gmunuhmuhnu14gmunuh22fwmuwnupotentialterms,page_scan,display_dollars,$$T_{\mu\nu}^{(\chi)} = \sum_\phi Z_\phi\left(\nabla_\mu\phi\nabla_\nu\phi - \frac{1}{2}g_{\mu\nu}\nabla_\alpha\phi\nabla^\alpha\phi\right) + H_{\mu\alpha}H_\nu{}^\alpha - \frac{1},consciousness-reality-assessment.html,(root),consciousness-reality-assessment
consciousness-reality-assessment-EQ-020,G_{\mu\nu} + \Lambda g_{\mu\nu} = \frac{8\pi G}{c^4}T_{\mu\nu} + \kappa\chi_{\mu\nu},gmunulambdagmunu8pigc4tmunumunu,page_scan,display_dollars,$$G_{\mu\nu} + \Lambda g_{\mu\nu} = \frac{8\pi G}{c^4}T_{\mu\nu} + \kappa\chi_{\mu\nu}$$,consciousness-reality-assessment.html,(root),consciousness-reality-assessment
consciousness-reality-assessment-EQ-021,f\sigma_8(z=0.5) = 0.421 \pm 0.019,fsigma8z0504210019,page_scan,display_dollars,$$f\sigma_8(z=0.5) = 0.421 \pm 0.019$$,consciousness-reality-assessment.html,(root),consciousness-reality-assessment
consciousness-reality-assessment-EQ-022,f\sigma_8(z=0.5) = 0.447 \pm 0.012,fsigma8z0504470012,page_scan,display_dollars,$$f\sigma_8(z=0.5) = 0.447 \pm 0.012$$,consciousness-reality-assessment.html,(root),consciousness-reality-assessment
consciousness-reality-assessment-EQ-023,\frac{d_L^{\text{Grace}}(z) - d_L^{\Lambda\text{CDM}}(z)}{d_L^{\Lambda\text{CDM}}(z)} \approx 0.02\left(\frac{z}{2}\right)^{1.5},dlgracezdllambdacdmzdllambdacdmz002z215,page_scan,display_dollars,$$\frac{d_L^{\text{Grace}}(z) - d_L^{\Lambda\text{CDM}}(z)}{d_L^{\Lambda\text{CDM}}(z)} \approx 0.02\left(\frac{z}{2}\right)^{1.5}$$,consciousness-reality-assessment.html,(root),consciousness-reality-assessment
consciousness-reality-assessment-EQ-024,\Box = \partial^2/\partial t^2 - \nabla^2,2t22,page_scan,inline_dollars,$\Box = \partial^2/\partial t^2 - \nabla^2$,consciousness-reality-assessment.html,(root),consciousness-reality-assessment
consciousness-reality-assessment-EQ-025,m_\chi,mchi,page_scan,inline_dollars,$m_\chi$,consciousness-reality-assessment.html,(root),consciousness-reality-assessment
consciousness-reality-assessment-EQ-026,J_\chi,jchi,page_scan,inline_dollars,$J_\chi$,consciousness-reality-assessment.html,(root),consciousness-reality-assessment
consciousness-reality-assessment-EQ-027,"\chi(x,t) = A \exp(i(kx - \omega t))",chixtaikxt,page_scan,inline_dollars,"$\chi(x,t) = A \exp(i(kx - \omega t))$",consciousness-reality-assessment.html,(root),consciousness-reality-assessment
consciousness-reality-assessment-EQ-028,V'(\chi),vchi,page_scan,inline_dollars,$V'(\chi)$,consciousness-reality-assessment.html,(root),consciousness-reality-assessment
consciousness-reality-assessment-EQ-029,"\mathcal{F}_i = {G, M, E, S, T, K, R, Q, F, C}",figmestkrqfc,page_scan,inline_dollars,"$\mathcal{F}_i = {G, M, E, S, T, K, R, Q, F, C}$",consciousness-reality-assessment.html,(root),consciousness-reality-assessment
consciousness-reality-assessment-EQ-030,d\chi/dt &lt; 0,dchidtlt0,page_scan,inline_dollars,$d\chi/dt &lt; 0$,consciousness-reality-assessment.html,(root),consciousness-reality-assessment
consciousness-reality-assessment-EQ-031,d\chi/dt &gt; 0,dchidtgt0,page_scan,inline_dollars,$d\chi/dt &gt; 0$,consciousness-reality-assessment.html,(root),consciousness-reality-assessment
consciousness-reality-assessment-EQ-032,W_\mu,wmu,page_scan,inline_dollars,$W_\mu$,consciousness-reality-assessment.html,(root),consciousness-reality-assessment
consciousness-reality-assessment-EQ-033,\langle\chi\rangle = \chi_0 \neq 0,chi0ne0,page_scan,inline_dollars,$\langle\chi\rangle = \chi_0 \neq 0$,consciousness-reality-assessment.html,(root),consciousness-reality-assessment
consciousness-reality-assessment-EQ-034,"V(\chi, S) = \alpha S(t)(1-\chi(t))^2",vchisst1chit2,page_scan,inline_dollars,"$V(\chi, S) = \alpha S(t)(1-\chi(t))^2$",consciousness-reality-assessment.html,(root),consciousness-reality-assessment
consciousness-reality-assessment-EQ-035,\chi = 0,chi0,page_scan,inline_dollars,$\chi = 0$,consciousness-reality-assessment.html,(root),consciousness-reality-assessment
consciousness-reality-assessment-EQ-036,\chi = 1,chi1,page_scan,inline_dollars,$\chi = 1$,consciousness-reality-assessment.html,(root),consciousness-reality-assessment
consciousness-reality-assessment-EQ-037,(1/2)\dot{\chi}^2,12chi2,page_scan,inline_dollars,$(1/2)\dot{\chi}^2$,consciousness-reality-assessment.html,(root),consciousness-reality-assessment
consciousness-reality-assessment-EQ-038,\rho_m,rhom,page_scan,inline_dollars,$\rho_m$,consciousness-reality-assessment.html,(root),consciousness-reality-assessment
consciousness-reality-assessment-EQ-039,\rho_\chi,rhochi,page_scan,inline_dollars,$\rho_\chi$,consciousness-reality-assessment.html,(root),consciousness-reality-assessment
consciousness-reality-assessment-EQ-040,"u^\mu = (1, 0, 0, 0)",umu1000,page_scan,inline_dollars,"$u^\mu = (1, 0, 0, 0)$",consciousness-reality-assessment.html,(root),consciousness-reality-assessment
consciousness-reality-assessment-EQ-041,\kappa \sim 10^{-69},1069,page_scan,inline_dollars,$\kappa \sim 10^{-69}$,consciousness-reality-assessment.html,(root),consciousness-reality-assessment
consciousness-reality-assessment-EQ-042,^{-1},1,page_scan,inline_dollars,$^{-1}$,consciousness-reality-assessment.html,(root),consciousness-reality-assessment
consciousness-reality-assessment-EQ-043,^{-2},2,page_scan,inline_dollars,$^{-2}$,consciousness-reality-assessment.html,(root),consciousness-reality-assessment
consciousness-reality-assessment-EQ-044,\rho_{DE} \sim 10^{-29},rhode1029,page_scan,inline_dollars,$\rho_{DE} \sim 10^{-29}$,consciousness-reality-assessment.html,(root),consciousness-reality-assessment
consciousness-reality-assessment-EQ-045,(\Box + m_\chi^2)\chi = 0,mchi2chi0,page_scan,inline_dollars,$(\Box + m_\chi^2)\chi = 0$,consciousness-reality-assessment.html,(root),consciousness-reality-assessment
consciousness-reality-assessment-EQ-046,m_\chi = 0,mchi0,page_scan,inline_dollars,$m_\chi = 0$,consciousness-reality-assessment.html,(root),consciousness-reality-assessment
consciousness-reality-assessment-EQ-047,m_\chi &gt; 0,mchigt0,page_scan,inline_dollars,$m_\chi &gt; 0$,consciousness-reality-assessment.html,(root),consciousness-reality-assessment
consciousness-reality-assessment-EQ-048,v_g = c^2 k/\omega &lt; c,vgc2kltc,page_scan,inline_dollars,$v_g = c^2 k/\omega &lt; c$,consciousness-reality-assessment.html,(root),consciousness-reality-assessment
consciousness-reality-assessment-EQ-049,g_{\mu\nu},gmunu,page_scan,inline_dollars,$g_{\mu\nu}$,consciousness-reality-assessment.html,(root),consciousness-reality-assessment
consciousness-reality-assessment-EQ-050,\mathfrak{s},s,page_scan,inline_dollars,$\mathfrak{s}$,consciousness-reality-assessment.html,(root),consciousness-reality-assessment
consciousness-reality-assessment-EQ-051,\chi = \chi_0 + \delta\chi,chichi0,page_scan,inline_dollars,$\chi = \chi_0 + \delta\chi$,consciousness-reality-assessment.html,(root),consciousness-reality-assessment
consciousness-reality-assessment-EQ-052,V''(\chi_0),vchi0,page_scan,inline_dollars,$V''(\chi_0)$,consciousness-reality-assessment.html,(root),consciousness-reality-assessment
consciousness-reality-assessment-EQ-053,v \leq c,vlec,page_scan,inline_dollars,$v \leq c$,consciousness-reality-assessment.html,(root),consciousness-reality-assessment
consciousness-reality-assessment-EQ-054,V''(\chi_0) \geq 0,vchi0ge0,page_scan,inline_dollars,$V''(\chi_0) \geq 0$,consciousness-reality-assessment.html,(root),consciousness-reality-assessment
consciousness-reality-assessment-EQ-055,H_{\mu\nu},hmunu,page_scan,inline_dollars,$H_{\mu\nu}$,consciousness-reality-assessment.html,(root),consciousness-reality-assessment
consciousness-reality-assessment-EQ-056,\kappa\chi_{\mu\nu} \neq 0,munune0,page_scan,inline_dollars,$\kappa\chi_{\mu\nu} \neq 0$,consciousness-reality-assessment.html,(root),consciousness-reality-assessment
consciousness-reality-assessment-EQ-057,\chi \to 0,chito0,page_scan,inline_dollars,$\chi \to 0$,consciousness-reality-assessment.html,(root),consciousness-reality-assessment
consciousness-reality-assessment-EQ-058,\chi_{\mu\nu} \to 0,chimunuto0,page_scan,inline_dollars,$\chi_{\mu\nu} \to 0$,consciousness-reality-assessment.html,(root),consciousness-reality-assessment
consciousness-reality-assessment-EQ-059,\Lambda \sim 10^{-52},lambda1052,page_scan,inline_dollars,$\Lambda \sim 10^{-52}$,consciousness-reality-assessment.html,(root),consciousness-reality-assessment
consciousness-reality-assessment-EQ-060,\chi,chi,page_scan,inline_dollars,$\chi$,consciousness-reality-assessment.html,(root),consciousness-reality-assessment
consciousness-reality-assessment-EQ-061,8 \times 10^9,8109,page_scan,inline_dollars,$8 \times 10^9$,consciousness-reality-assessment.html,(root),consciousness-reality-assessment
consciousness-reality-assessment-EQ-062,10^{-30},1030,page_scan,inline_dollars,$10^{-30}$,consciousness-reality-assessment.html,(root),consciousness-reality-assessment
consciousness-reality-assessment-EQ-063,\Lambda_{\text{eff}},lambdaeff,page_scan,inline_dollars,$\Lambda_{\text{eff}}$,consciousness-reality-assessment.html,(root),consciousness-reality-assessment
consciousness-reality-assessment-EQ-064,\chi_{\mu\nu},chimunu,page_scan,inline_dollars,$\chi_{\mu\nu}$,consciousness-reality-assessment.html,(root),consciousness-reality-assessment
consciousness-reality-assessment-EQ-065,H_0,h0,page_scan,inline_dollars,$H_0$,consciousness-reality-assessment.html,(root),consciousness-reality-assessment
consciousness-reality-assessment-EQ-066,w_0,w0,page_scan,inline_dollars,$w_0$,consciousness-reality-assessment.html,(root),consciousness-reality-assessment
consciousness-reality-assessment-EQ-067,w_a,wa,page_scan,inline_dollars,$w_a$,consciousness-reality-assessment.html,(root),consciousness-reality-assessment
consciousness-reality-assessment-EQ-068,\sigma_8,sigma8,page_scan,inline_dollars,$\sigma_8$,consciousness-reality-assessment.html,(root),consciousness-reality-assessment
consciousness-reality-assessment-EQ-069,z \approx 0.43 \pm 0.09,z043009,page_scan,inline_dollars,$z \approx 0.43 \pm 0.09$,consciousness-reality-assessment.html,(root),consciousness-reality-assessment
consciousness-reality-assessment-EQ-070,w_0 &gt; -1,w0gt1,page_scan,inline_dollars,$w_0 &gt; -1$,consciousness-reality-assessment.html,(root),consciousness-reality-assessment
consciousness-reality-assessment-EQ-071,w_0 \approx -0.7,w007,page_scan,inline_dollars,$w_0 \approx -0.7$,consciousness-reality-assessment.html,(root),consciousness-reality-assessment
consciousness-reality-assessment-EQ-072,z \sim 0.5,z05,page_scan,inline_dollars,$z \sim 0.5$,consciousness-reality-assessment.html,(root),consciousness-reality-assessment
consciousness-reality-assessment-EQ-073,w_a &lt; 0,walt0,page_scan,inline_dollars,$w_a &lt; 0$,consciousness-reality-assessment.html,(root),consciousness-reality-assessment
consciousness-reality-assessment-EQ-074,w_a \approx -1,wa1,page_scan,inline_dollars,$w_a \approx -1$,consciousness-reality-assessment.html,(root),consciousness-reality-assessment
consciousness-reality-assessment-EQ-075,w_0 = -0.827,w00827,page_scan,inline_dollars,$w_0 = -0.827$,consciousness-reality-assessment.html,(root),consciousness-reality-assessment
consciousness-reality-assessment-EQ-076,\approx -0.7,07,page_scan,inline_dollars,$\approx -0.7$,consciousness-reality-assessment.html,(root),consciousness-reality-assessment
consciousness-reality-assessment-EQ-077,w_a = -0.75,wa075,page_scan,inline_dollars,$w_a = -0.75$,consciousness-reality-assessment.html,(root),consciousness-reality-assessment
consciousness-reality-assessment-EQ-078,\beta \sim 10^{-15},1015,page_scan,inline_dollars,$\beta \sim 10^{-15}$,consciousness-reality-assessment.html,(root),consciousness-reality-assessment
consciousness-reality-assessment-EQ-079,f\sigma_8(z=0.5) &gt; 0.44,fsigma8z05gt044,page_scan,inline_dollars,$f\sigma_8(z=0.5) &gt; 0.44$,consciousness-reality-assessment.html,(root),consciousness-reality-assessment
consciousness-reality-assessment-EQ-080,w = -1,w1,page_scan,inline_dollars,$w = -1$,consciousness-reality-assessment.html,(root),consciousness-reality-assessment
consciousness-reality-assessment-EQ-081,&gt; 3\sigma,gt3sigma,page_scan,inline_dollars,$&gt; 3\sigma$,consciousness-reality-assessment.html,(root),consciousness-reality-assessment
consciousness-reality-assessment-EQ-082,w(z),wz,page_scan,inline_dollars,$w(z)$,consciousness-reality-assessment.html,(root),consciousness-reality-assessment
consciousness-reality-assessment-EQ-083,\sim 12.5,125,page_scan,inline_dollars,$\sim 12.5$,consciousness-reality-assessment.html,(root),consciousness-reality-assessment
consciousness-reality-assessment-EQ-084,"\chi = \iiint(G \cdot M \cdot E \cdot S \cdot T \cdot K \cdot R \cdot Q \cdot F \cdot C)\,dx\,dy\,dt",chiintgmestkrqfcdxdydt,page_scan,inline_dollars,"$\chi = \iiint(G \cdot M \cdot E \cdot S \cdot T \cdot K \cdot R \cdot Q \cdot F \cdot C)\,dx\,dy\,dt$",consciousness-reality-assessment.html,(root),consciousness-reality-assessment
consciousness-reality-assessment-EQ-085,\mathcal{L}_{LLC} = \chi(t)(d/dt(G+M+E+S+T+K+R+Q+F+C))^2 - S \cdot \chi(t),lllcchitddtgmestkrqfc2schit,page_scan,inline_dollars,$\mathcal{L}_{LLC} = \chi(t)(d/dt(G+M+E+S+T+K+R+Q+F+C))^2 - S \cdot \chi(t)$,consciousness-reality-assessment.html,(root),consciousness-reality-assessment
consciousness-scientific-convergence-wrapped-EQ-001,\chi,chi,page_scan,inline_dollars,$\chi$,consciousness-scientific-convergence-wrapped.html,(root),consciousness-scientific-convergence-wrapped
consciousness-scientific-convergence-wrapped-EQ-002,\hbar,hbar,page_scan,inline_dollars,$\hbar$,consciousness-scientific-convergence-wrapped.html,(root),consciousness-scientific-convergence-wrapped
consciousness-scientific-convergence-wrapped-EQ-003,\mathcal{O}_D,od,page_scan,inline_dollars,$\mathcal{O}_D$,consciousness-scientific-convergence-wrapped.html,(root),consciousness-scientific-convergence-wrapped
consciousness-scientific-convergence-wrapped-EQ-004,C_{\max},c,page_scan,inline_dollars,$C_{\max}$,consciousness-scientific-convergence-wrapped.html,(root),consciousness-scientific-convergence-wrapped
consciousness-scientific-convergence-wrapped-EQ-005,\mathcal{G},g,page_scan,inline_dollars,$\mathcal{G}$,consciousness-scientific-convergence-wrapped.html,(root),consciousness-scientific-convergence-wrapped
consciousness-scientific-convergence-wrapped-EQ-006,\Psi,psi,page_scan,inline_dollars,$\Psi$,consciousness-scientific-convergence-wrapped.html,(root),consciousness-scientific-convergence-wrapped
consciousness-scientific-convergence-wrapped-EQ-007,\mathcal{I},i,page_scan,inline_dollars,$\mathcal{I}$,consciousness-scientific-convergence-wrapped.html,(root),consciousness-scientific-convergence-wrapped
consciousness-scientific-convergence-wrapped-EQ-008,\mathcal{E},e,page_scan,inline_dollars,$\mathcal{E}$,consciousness-scientific-convergence-wrapped.html,(root),consciousness-scientific-convergence-wrapped
consciousness-scientific-convergence-wrapped-EQ-009,\mathcal{E} \propto -\ln(P_{\text{desired}}),eproptopdesired,page_scan,inline_dollars,$\mathcal{E} \propto -\ln(P_{\text{desired}})$,consciousness-scientific-convergence-wrapped.html,(root),consciousness-scientific-convergence-wrapped
consciousness-scientific-convergence-wrapped-EQ-010,P_{\text{desired}},pdesired,page_scan,inline_dollars,$P_{\text{desired}}$,consciousness-scientific-convergence-wrapped.html,(root),consciousness-scientific-convergence-wrapped
consciousness-scientific-convergence-wrapped-EQ-011,\mathcal{I}_{\text{low}},ilow,page_scan,inline_dollars,$\mathcal{I}_{\text{low}}$,consciousness-scientific-convergence-wrapped.html,(root),consciousness-scientific-convergence-wrapped
consciousness-scientific-convergence-wrapped-EQ-012,\mathcal{I}_{\text{high}},ihigh,page_scan,inline_dollars,$\mathcal{I}_{\text{high}}$,consciousness-scientific-convergence-wrapped.html,(root),consciousness-scientific-convergence-wrapped
consciousness-scientific-convergence-wrapped-EQ-013,\Psi_{\text{school}},psischool,page_scan,inline_dollars,$\Psi_{\text{school}}$,consciousness-scientific-convergence-wrapped.html,(root),consciousness-scientific-convergence-wrapped
consciousness-scientific-convergence-wrapped-EQ-014,"0.22\,g",022g,page_scan,inline_dollars,"$0.22\,g$",consciousness-scientific-convergence-wrapped.html,(root),consciousness-scientific-convergence-wrapped
consciousness-scientific-convergence-wrapped-EQ-015,\mathcal{B}_\chi,bchi,page_scan,inline_dollars,$\mathcal{B}_\chi$,consciousness-scientific-convergence-wrapped.html,(root),consciousness-scientific-convergence-wrapped
consciousness-scientific-convergence-wrapped-EQ-016,E = mc^2,emc2,page_scan,inline_dollars,$E = mc^2$,consciousness-scientific-convergence-wrapped.html,(root),consciousness-scientific-convergence-wrapped
consciousness-scientific-convergence-wrapped-EQ-017,H_2O,h2o,page_scan,inline_dollars,$H_2O$,consciousness-scientific-convergence-wrapped.html,(root),consciousness-scientific-convergence-wrapped
consciousness-scientific-convergence-wrapped-EQ-018,C_2H_5OH,c2h5oh,page_scan,inline_dollars,$C_2H_5OH$,consciousness-scientific-convergence-wrapped.html,(root),consciousness-scientific-convergence-wrapped
consciousness-scientific-convergence-wrapped-EQ-019,\mathcal{V}_{ZPF},vzpf,page_scan,inline_dollars,$\mathcal{V}_{ZPF}$,consciousness-scientific-convergence-wrapped.html,(root),consciousness-scientific-convergence-wrapped
consciousness-scientific-convergence-wrapped-EQ-020,E \to m,etom,page_scan,inline_dollars,$E \to m$,consciousness-scientific-convergence-wrapped.html,(root),consciousness-scientific-convergence-wrapped
consciousness-scientific-convergence-wrapped-EQ-021,\mathcal{G}^{-1},g1,page_scan,inline_dollars,$\mathcal{G}^{-1}$,consciousness-scientific-convergence-wrapped.html,(root),consciousness-scientific-convergence-wrapped
consciousness-scientific-convergence-EQ-001,S = S_{EH} + S_{\chi} + S_{\text{Matter}},ssehschismatter,page_scan,display_dollars,$$S = S_{EH} + S_{\chi} + S_{\text{Matter}}$$,consciousness-scientific-convergence.html,(root),consciousness-scientific-convergence
consciousness-scientific-convergence-EQ-002,\mathcal{L}<em>\chi \to 0 \quad \Longrightarrow \quad S = S</em>{EH} + S_{\text{Matter}} \quad \Longrightarrow \quad G_{\mu\nu} + \Lambda g_{\mu\nu} = \frac{8\pi G}{c^4} T_{\mu\nu},lemchito0ssemehsmattergmunulambdagmunu8pigc4tmunu,page_scan,display_dollars,$$\mathcal{L}<em>\chi \to 0 \quad \Longrightarrow \quad S = S</em>{EH} + S_{\text{Matter}} \quad \Longrightarrow \quad G_{\mu\nu} + \Lambda g_{\mu\nu} = \frac{8\pi G}{c^4} T_{\mu\n,consciousness-scientific-convergence.html,(root),consciousness-scientific-convergence
consciousness-scientific-convergence-EQ-003,\chi,chi,page_scan,inline_dollars,$\chi$,consciousness-scientific-convergence.html,(root),consciousness-scientific-convergence
consciousness-scientific-convergence-EQ-004,\hbar,hbar,page_scan,inline_dollars,$\hbar$,consciousness-scientific-convergence.html,(root),consciousness-scientific-convergence
consciousness-scientific-convergence-EQ-005,\mathcal{O}_D,od,page_scan,inline_dollars,$\mathcal{O}_D$,consciousness-scientific-convergence.html,(root),consciousness-scientific-convergence
consciousness-scientific-convergence-EQ-006,C_{\max},c,page_scan,inline_dollars,$C_{\max}$,consciousness-scientific-convergence.html,(root),consciousness-scientific-convergence
consciousness-scientific-convergence-EQ-007,\mathcal{G},g,page_scan,inline_dollars,$\mathcal{G}$,consciousness-scientific-convergence.html,(root),consciousness-scientific-convergence
consciousness-scientific-convergence-EQ-008,\Psi,psi,page_scan,inline_dollars,$\Psi$,consciousness-scientific-convergence.html,(root),consciousness-scientific-convergence
consciousness-scientific-convergence-EQ-009,\mathcal{I},i,page_scan,inline_dollars,$\mathcal{I}$,consciousness-scientific-convergence.html,(root),consciousness-scientific-convergence
consciousness-scientific-convergence-EQ-010,\mathcal{E},e,page_scan,inline_dollars,$\mathcal{E}$,consciousness-scientific-convergence.html,(root),consciousness-scientific-convergence
consciousness-scientific-convergence-EQ-011,\mathcal{E} \propto -\ln(P_{\text{desired}}),eproptopdesired,page_scan,inline_dollars,$\mathcal{E} \propto -\ln(P_{\text{desired}})$,consciousness-scientific-convergence.html,(root),consciousness-scientific-convergence
consciousness-scientific-convergence-EQ-012,P_{\text{desired}},pdesired,page_scan,inline_dollars,$P_{\text{desired}}$,consciousness-scientific-convergence.html,(root),consciousness-scientific-convergence
consciousness-scientific-convergence-EQ-013,\mathcal{I}<em>{\text{low}},iemlow,page_scan,inline_dollars,$\mathcal{I}<em>{\text{low}}$,consciousness-scientific-convergence.html,(root),consciousness-scientific-convergence
consciousness-scientific-convergence-EQ-014,\mathcal{I}</em>{\text{high}},iemhigh,page_scan,inline_dollars,$\mathcal{I}</em>{\text{high}}$,consciousness-scientific-convergence.html,(root),consciousness-scientific-convergence
consciousness-scientific-convergence-EQ-015,\Psi_{\text{school}},psischool,page_scan,inline_dollars,$\Psi_{\text{school}}$,consciousness-scientific-convergence.html,(root),consciousness-scientific-convergence
consciousness-scientific-convergence-EQ-016,\mathcal{O}<em>D,oemd,page_scan,inline_dollars,$\mathcal{O}<em>D$,consciousness-scientific-convergence.html,(root),consciousness-scientific-convergence
consciousness-scientific-convergence-EQ-017,"0.22\,g",022g,page_scan,inline_dollars,"$0.22\,g$",consciousness-scientific-convergence.html,(root),consciousness-scientific-convergence
consciousness-scientific-convergence-EQ-018,\mathcal{B}_\chi,bchi,page_scan,inline_dollars,$\mathcal{B}_\chi$,consciousness-scientific-convergence.html,(root),consciousness-scientific-convergence
consciousness-scientific-convergence-EQ-019,E = mc^2,emc2,page_scan,inline_dollars,$E = mc^2$,consciousness-scientific-convergence.html,(root),consciousness-scientific-convergence
consciousness-scientific-convergence-EQ-020,H_2O,h2o,page_scan,inline_dollars,$H_2O$,consciousness-scientific-convergence.html,(root),consciousness-scientific-convergence
consciousness-scientific-convergence-EQ-021,\mathcal{B}<em>\chi,bemchi,page_scan,inline_dollars,$\mathcal{B}<em>\chi$,consciousness-scientific-convergence.html,(root),consciousness-scientific-convergence
consciousness-scientific-convergence-EQ-022,C_2H_5OH,c2h5oh,page_scan,inline_dollars,$C_2H_5OH$,consciousness-scientific-convergence.html,(root),consciousness-scientific-convergence
consciousness-scientific-convergence-EQ-023,\mathcal{V}_{ZPF},vzpf,page_scan,inline_dollars,$\mathcal{V}_{ZPF}$,consciousness-scientific-convergence.html,(root),consciousness-scientific-convergence
consciousness-scientific-convergence-EQ-024,\mathcal{V}<em>{ZPF},vemzpf,page_scan,inline_dollars,$\mathcal{V}<em>{ZPF}$,consciousness-scientific-convergence.html,(root),consciousness-scientific-convergence
consciousness-scientific-convergence-EQ-025,E \to m,etom,page_scan,inline_dollars,$E \to m$,consciousness-scientific-convergence.html,(root),consciousness-scientific-convergence
consciousness-scientific-convergence-EQ-026,\mathcal{G}^{-1},g1,page_scan,inline_dollars,$\mathcal{G}^{-1}$,consciousness-scientific-convergence.html,(root),consciousness-scientific-convergence
consciousness-scientific-convergence-EQ-027,\mathcal{L}_\chi,lchi,page_scan,inline_dollars,$\mathcal{L}_\chi$,consciousness-scientific-convergence.html,(root),consciousness-scientific-convergence
consciousness-scientific-convergence-EQ-028,F \to 0,fto0,page_scan,inline_dollars,$F \to 0$,consciousness-scientific-convergence.html,(root),consciousness-scientific-convergence
consciousness-scientific-convergence-EQ-029,Q \to 0,qto0,page_scan,inline_dollars,$Q \to 0$,consciousness-scientific-convergence.html,(root),consciousness-scientific-convergence
consciousness-scientific-convergence-EQ-030,C \to 0,cto0,page_scan,inline_dollars,$C \to 0$,consciousness-scientific-convergence.html,(root),consciousness-scientific-convergence
consciousness-scientific-convergence-EQ-031,"\left(\frac{\kappa \, G \, C \, R(FQ)}{S + \epsilon}\right)",gcrfqs,page_scan,inline_dollars,"$\left(\frac{\kappa \, G \, C \, R(FQ)}{S + \epsilon}\right)$",consciousness-scientific-convergence.html,(root),consciousness-scientific-convergence
consciousness-scientific-convergence-EQ-032,\mathcal{L}<em>\chi \to 0,lemchito0,page_scan,inline_dollars,$\mathcal{L}<em>\chi \to 0$,consciousness-scientific-convergence.html,(root),consciousness-scientific-convergence
consciousness-scientific-convergence-EQ-033,S = S</em>{EH} + S_{\text{Matter}},ssemehsmatter,page_scan,inline_dollars,$S = S</em>{EH} + S_{\text{Matter}}$,consciousness-scientific-convergence.html,(root),consciousness-scientific-convergence
consciousness-scientific-convergence-EQ-034,Q \longleftrightarrow \psi,q,page_scan,inline_dollars,$Q \longleftrightarrow \psi$,consciousness-scientific-convergence.html,(root),consciousness-scientific-convergence
consciousness-scientific-convergence-EQ-035,F \longleftrightarrow \hat{M},fm,page_scan,inline_dollars,$F \longleftrightarrow \hat{M}$,consciousness-scientific-convergence.html,(root),consciousness-scientific-convergence
consciousness-scientific-convergence-EQ-036,W_\mu,wmu,page_scan,inline_dollars,$W_\mu$,consciousness-scientific-convergence.html,(root),consciousness-scientific-convergence
consciousness-scientific-convergence-EQ-037,\chi \to,chito,page_scan,inline_dollars,$\chi \to$,consciousness-scientific-convergence.html,(root),consciousness-scientific-convergence
